Actual,Predicted
-9999.0,7.1339275e+06
32004741.0,2.969238e+07
1256487536.0,1.3047249e+09
-9999.0,-55192.664
20117776.0,1.7244928e+07
-9999.0,688900.25
-9999.0,57955.594
-9999.0,57955.594
49244167.0,5.0490836e+07
2587223704.0,2.5842816e+09
60090207.0,5.7876424e+07
-9999.0,3.931385e+06
999058634.0,1.1023099e+09
263910315.0,2.6295214e+08
-9999.0,446889.66
-9999.0,-184055.02
9494698.0,5.0918015e+06
-9999.0,57955.594
28327246.0,2.5288638e+07
1420277928.0,1.5664155e+09
-9999.0,7.1339275e+06
36143553.0,4.9259144e+07
1392044818.0,1.3825096e+09
476587331.0,5.572746e+08
20460587.0,2.3458038e+07
16115880.0,1.740501e+07
4798842.0,3.8738655e+06
-9999.0,57955.594
75535584.0,6.519577e+07
2051395173.0,2.0834337e+09
110835589.0,1.0097248e+08
47508600.0,4.187671e+07
2037960649.0,2.0521894e+09
894038233.0,9.59845e+08
21816016.0,2.0148794e+07
17435972.0,1.6657938e+07
32232175.0,3.176095e+07
93496839.0,1.1111441e+08
39127979.0,3.5236336e+07
3294452056.0,3.3630095e+09
11636256.0,1.390542e+06
13229724.0,1.722231e+07
624986718.0,6.56435e+08
199188961.0,1.8115051e+08
17195057.0,1.5645169e+07
2037355.0,1.300119e+06
726106.0,57955.594
19930446.0,2.9413528e+07
16085562.0,1.6510927e+07
905016188.0,9.556916e+08
1695743912.0,1.690897e+09
1005861203.0,1.011597e+09
58128898741.0,5.925235e+10
34187981089.0,3.2362224e+10
1271608009.0,1.3531707e+09
357326070.0,4.207948e+08
478349877.0,5.597072e+08
672347271.0,6.417102e+08
2282916144.0,2.4486528e+09
100081000000.0,9.756331e+10
-9999.0,1.6382962e+07
14307472.0,2.2124696e+07
341572755.0,4.6972806e+08
108946953.0,1.0399666e+08
7048738.0,4.2628e+06
918867.0,57955.594
2403218.0,9.674966e+06
-9999.0,57955.594
17476958.0,1.647417e+07
496689373.0,5.567304e+08
33467479.0,2.419062e+07
9327664.0,5.6134635e+06
492378813.0,5.326299e+08
300998078.0,3.0635885e+08
-9999.0,446889.66
-9999.0,-184055.02
25136673.0,2.6105224e+07
59652651.0,6.5644996e+07
925307780.0,1.00580736e+09
507804274.0,4.7390976e+08
59885285.0,7.0613144e+07
10707962393.0,1.0796655e+10
5450030255.0,6.0854124e+09
58326856.0,3.3075394e+07
31709672.0,2.5244414e+07
84193849.0,1.148738e+08
358696780.0,3.659784e+08
376234862.0,4.3840314e+08
17634844230.0,1.755758e+10
109116323.0,1.3170011e+08
32559579.0,-1.9394988e+07
1074621120.0,1.1881108e+09
481342108.0,5.1974454e+08
40078810.0,4.9061864e+07
-9999.0,446889.66
1931569.0,1.5421296e+06
-9999.0,57955.594
25297197.0,2.7345206e+07
1775216510.0,1.8873064e+09
-9999.0,2.3166568e+06
13693761.0,1.1807205e+07
467313659.0,5.4157446e+08
69481348.0,6.4931004e+07
2860016.0,1.9310635e+06
12378565.0,1.8833672e+07
798520.0,57955.594
-9999.0,57955.594
25613718.0,2.7437498e+07
594642397.0,6.6098976e+08
-9999.0,688900.25
369428633.0,3.877733e+08
9858710765.0,9.900058e+09
5953944033.0,6.6185856e+09
296218175.0,3.2130746e+08
63533999.0,6.1468376e+07
76001292.0,9.155856e+07
-9999.0,688900.25
418721388.0,4.348678e+08
17274379099.0,1.7488568e+10
-9999.0,4.3951625e+06
5556639.0,1.825522e+07
329409081.0,3.6507725e+08
155146268.0,1.6460867e+08
5880705.0,4.2628e+06
-9999.0,57955.594
-9999.0,57955.594
12973893.0,1.2609752e+07
511353661.0,5.4778586e+08
80131645.0,9.624596e+07
6970476.0,6.0226395e+06
1896399944.0,2.0434304e+09
3837512745.0,3.7788285e+09
-9999.0,-6.0523875e+06
-9999.0,-555594.25
89183847.0,1.043999e+08
4687671.0,4.5048105e+06
266743236.0,2.5931566e+08
6186474074.0,6.0991237e+09
141023283.0,2.3812106e+08
-9999.0,-2.5661752e+07
2070282182.0,2.245227e+09
1709901300.0,1.7692298e+09
-9999.0,2.1123755e+06
46586913.0,5.974981e+07
-9999.0,688900.25
117817700.0,1.0653021e+08
4188896033.0,4.6285676e+09
-9999.0,1.1590281e+07
142256211.0,1.9299586e+08
17817074.0,1.5887179e+07
-9999.0,-184055.02
-9999.0,57955.594
-9999.0,57955.594
3543698.0,1.5421296e+06
176127039.0,2.1073005e+08
-9999.0,688900.25
28383498.0,2.577354e+07
1174618489.0,1.2968735e+09
611453919.0,6.242252e+08
-9999.0,7.6360095e+06
2195734.0,1.300119e+06
-9999.0,57955.594
-9999.0,57955.594
36095724.0,4.270317e+07
1890593239.0,2.0295388e+09
-9999.0,-203911.8
25417311.0,2.6978688e+07
682371657.0,7.762441e+08
336915227.0,3.6306112e+08
58097789.0,6.3127296e+07
21668651.0,1.6657938e+07
6448789.0,5.517578e+06
-9999.0,57955.594
37208716.0,4.4759736e+07
1203058038.0,1.3273802e+09
36298466.0,5.104937e+07
59292650.0,7.1725544e+07
1770359561.0,1.8873893e+09
725146393.0,7.7082726e+08
90408415.0,1.0673499e+08
-9999.0,446889.66
8318991.0,5.0918015e+06
-9999.0,57955.594
64665326.0,6.162395e+07
2781675858.0,3.0364577e+09
0.0,-9.279377e+06
36496518.0,3.6454588e+07
1953609002.0,2.0363589e+09
969832792.0,1.0723626e+09
133940825.0,1.06911384e+08
8458646.0,4.2628e+06
19449812.0,2.3730194e+07
-9999.0,688900.25
75255636.0,6.500024e+07
3197043234.0,3.4058993e+09
0.0,-9.279377e+06
13902577.0,1.1853183e+07
1012879944.0,1.0245703e+09
325833082.0,3.7349075e+08
56381160.0,6.356598e+07
4320188.0,5.2755675e+06
833185.0,57955.594
166152.0,57955.594
26809367.0,4.3963696e+07
1441125658.0,1.5328084e+09
-9999.0,4.6133595e+06
-9999.0,7.005065e+06
124582956.0,1.3409247e+08
68809569.0,6.1359188e+07
-9999.0,446889.66
-9999.0,57955.594
5787416.0,3.8738655e+06
202476635.0,2.6147064e+08
-9999.0,688900.25
7157708.0,4.8497915e+06
326860596.0,3.5928125e+08
45614041.0,4.2116176e+07
-9999.0,446889.66
6241918.0,5.0918015e+06
-9999.0,57955.594
-9999.0,57955.594
6011238.0,5.0918015e+06
401839400.0,4.549625e+08
-9999.0,688900.25
0.0,1.1079147e+07
0.0,1.0707235e+06
0.0,-184055.02
-9999.0,57955.594
0.0,57955.594
-9999.0,57955.594
0.0,57955.594
0.0,2.486845e+07
-9999.0,57955.594
43318621.0,3.771241e+07
2143407388.0,2.4217093e+09
755836767.0,7.9230566e+08
87720829.0,1.0423272e+08
38244380.0,4.3010256e+07
12129447.0,1.2022761e+07
-9999.0,57955.594
80559183.0,1.009863e+08
3185900042.0,3.4443558e+09
0.0,-6.5310544e+07
54318940.0,5.4391304e+07
11175424604.0,1.2373327e+10
7386890879.0,8.3079444e+09
131235441.0,9.433807e+07
5202096.0,4.996787e+06
4969212.0,2.9296182e+06
14632545.0,2.648643e+07
249025055.0,2.5200306e+08
19021698775.0,1.9796316e+10
19809441.0,-1.4566234e+07
17077388.0,1.4130411e+07
777258649.0,8.91932e+08
177358036.0,1.7472048e+08
17027182.0,1.6657938e+07
10018294.0,3.631855e+06
4346820.0,4.8866335e+06
5519684.0,1.2175371e+07
31318671.0,3.1894472e+07
1059734168.0,1.0784e+09
32363406.0,2.5093644e+07
14665466.0,1.0767983e+07
745984506.0,7.738997e+08
233101249.0,2.5252482e+08
82631045.0,1.0604039e+08
8685214.0,4.2628e+06
2050150.0,1.5421296e+06
2211092.0,9.843637e+06
76614948.0,7.849103e+07
1198307081.0,1.328234e+09
28137982.0,2.5093644e+07
12225576.0,1.2527823e+07
442052975.0,5.1020186e+08
275028556.0,2.8253962e+08
9840442.0,4.2628e+06
16312860.0,2.393948e+07
2627995.0,1.5421296e+06
1861529.0,1.5421296e+06
11227502.0,1.0352069e+07
799315422.0,8.8688486e+08
-9999.0,-55192.664
-9999.0,-184055.02
1022801442.0,1.0481881e+09
710517055.0,7.4983616e+08
6213077.0,1.321176e+07
-9999.0,-184055.02
-9999.0,57955.594
-9999.0,57955.594
7477777.0,5.0918015e+06
1861616899.0,1.9982664e+09
76562810.0,7.166741e+07
29897791.0,2.574949e+07
863315795.0,9.4150445e+08
467570257.0,5.11777e+08
54417664.0,6.1720704e+07
-9999.0,1.7002665e+06
4972278.0,3.8738655e+06
-9999.0,57955.594
26804745.0,2.7345206e+07
1530028158.0,1.5978237e+09
-9999.0,2.3166568e+06
31522128.0,2.487511e+07
1327441485.0,1.3286595e+09
-9999.0,3.3907212e+06
19252373.0,2.0690846e+07
-9999.0,688900.25
-9999.0,57955.594
-9999.0,57955.594
61919993.0,6.162395e+07
2682453453.0,3.357823e+09
62015953.0,6.527315e+07
-9999.0,3.931385e+06
1006131537.0,1.0989664e+09
275328240.0,2.7940704e+08
-9999.0,446889.66
-9999.0,-184055.02
9136857.0,5.0918015e+06
-9999.0,57955.594
21860825.0,1.7097918e+07
1435522685.0,1.6145185e+09
-9999.0,7.1339275e+06
23597396.0,3.2624768e+07
1216494332.0,1.2935176e+09
437979747.0,5.572746e+08
17940983.0,2.3847058e+07
15952108.0,1.740501e+07
5471718.0,3.8738655e+06
-9999.0,57955.594
74297731.0,6.5630188e+07
1814258293.0,1.8997747e+09
111364400.0,1.017514e+08
44038194.0,4.187671e+07
2164676401.0,2.4469686e+09
873998971.0,9.59845e+08
19735280.0,2.0148794e+07
19930757.0,2.4959444e+07
35616923.0,5.0082308e+07
88792739.0,1.1111441e+08
41412222.0,4.017791e+07
3399565891.0,3.5416632e+09
12086103.0,7.8957245e+06
14043875.0,1.722231e+07
651024241.0,7.2221523e+08
189152602.0,1.8115051e+08
16490613.0,1.7748746e+07
1912295.0,1.300119e+06
777417.0,57955.594
21502858.0,2.9413528e+07
16445624.0,1.6510927e+07
923435632.0,1.0233867e+09
1667482350.0,1.690897e+09
1094050194.0,1.1051997e+09
59390149975.0,7.444867e+10
35293070631.0,3.2459438e+10
1301513999.0,1.3531707e+09
377347882.0,4.076579e+08
461007015.0,5.597072e+08
695401183.0,6.6250304e+08
2539939685.0,2.6872202e+09
102820000000.0,9.74157e+10
-9999.0,1.6382962e+07
15075599.0,2.7001884e+07
361405008.0,5.462321e+08
109264671.0,1.121723e+08
6120748.0,4.2628e+06
988389.0,1.5421296e+06
2195069.0,9.843637e+06
-9999.0,57955.594
18825507.0,1.647417e+07
518350505.0,6.46031e+08
-9999.0,688900.25
9776201.0,6.2004545e+06
487832042.0,5.326299e+08
300403788.0,3.4025917e+08
-9999.0,446889.66
3362395.0,1.300119e+06
27523998.0,3.4904476e+07
70121890.0,6.648531e+07
934837640.0,1.03891475e+09
488996736.0,4.7390976e+08
64362514.0,7.2372984e+07
11143107546.0,1.1639649e+10
5439344774.0,6.175676e+09
64678449.0,3.513195e+07
32669302.0,2.5244414e+07
88457739.0,1.148738e+08
304615583.0,3.1774707e+08
444736596.0,5.2876618e+08
18070969243.0,1.9561495e+10
-9999.0,9.866519e+06
29632959.0,-6.230196e+06
1080874032.0,1.1327767e+09
455714363.0,5.2358582e+08
39793008.0,4.9061864e+07
-9999.0,446889.66
2126720.0,1.5421296e+06
10711484.0,1.8581294e+07
42696608.0,4.936489e+07
1785943284.0,1.8963442e+09
-9999.0,2.3166568e+06
14407451.0,1.5077486e+07
493523283.0,5.5022163e+08
65127964.0,6.4286404e+07
2978213.0,1.9310635e+06
10941528.0,1.2328479e+07
777019.0,57955.594
-9999.0,57955.594
28336921.0,2.7437498e+07
618031209.0,7.462918e+08
-9999.0,688900.25
399493165.0,3.9423178e+08
9644371842.0,9.860737e+09
5697788259.0,5.957937e+09
295251109.0,3.2130746e+08
62363493.0,6.119258e+07
76827006.0,1.275446e+08
-9999.0,688900.25
442424681.0,5.217986e+08
16858538914.0,1.7393144e+10
-9999.0,528740.44
6019884.0,1.6843376e+07
325642703.0,3.680276e+08
-9999.0,688900.25
7154726.0,4.8497915e+06
-9999.0,57955.594
-9999.0,57955.594
13111645.0,1.2609752e+07
499641000.0,5.4778586e+08
83434850.0,9.624596e+07
6955237.0,6.0226395e+06
1969971514.0,2.0491822e+09
3997964317.0,4.338891e+09
-9999.0,-6.0523875e+06
-9999.0,-555594.25
88711633.0,1.043999e+08
6693317.0,4.5048105e+06
303895979.0,3.412741e+08
6463119140.0,6.972009e+09
-9999.0,-1.4388314e+07
-9999.0,-283832.72
2086803295.0,2.3567286e+09
1607605844.0,1.76489e+09
-9999.0,5.1840855e+06
35939644.0,5.0830828e+07
-9999.0,688900.25
134847030.0,1.5576242e+08
4161308115.0,4.3959747e+09
-9999.0,1.1590281e+07
147943125.0,1.9299586e+08
20791833.0,1.7647022e+07
7600336.0,6.0226395e+06
-9999.0,57955.594
-9999.0,57955.594
-9999.0,57955.594
183029251.0,1.6944768e+08
-9999.0,688900.25
28258461.0,2.577354e+07
1224615805.0,1.3049846e+09
699753700.0,7.902954e+08
-9999.0,7.6360095e+06
2440404.0,1.300119e+06
-9999.0,57955.594
-9999.0,57955.594
44189345.0,4.446301e+07
2036091455.0,2.2655572e+09
-9999.0,-203911.8
26261582.0,2.7027352e+07
692757036.0,8.174809e+08
375223438.0,4.4892538e+08
50564491.0,5.199418e+07
23580884.0,2.4848654e+07
6185663.0,5.517578e+06
-9999.0,57955.594
38474443.0,4.4759736e+07
1247796126.0,1.3157688e+09
-9999.0,-55192.664
65047742.0,6.081356e+07
1732446019.0,1.8873893e+09
650614983.0,6.9828954e+08
107180437.0,1.0870193e+08
14161709.0,1.2527823e+07
7751177.0,3.8738655e+06
-9999.0,57955.594
71597584.0,6.519577e+07
2702403848.0,2.8781804e+09
0.0,-9.279377e+06
36849597.0,3.6454588e+07
1928586121.0,2.042111e+09
1003479609.0,1.06797466e+09
151694034.0,1.51178e+08
11423599.0,1.0767983e+07
17580007.0,2.3730194e+07
-9999.0,57955.594
86326612.0,1.009863e+08
3235939582.0,3.5902013e+09
0.0,-9.279377e+06
25283494.0,2.606056e+07
1017102794.0,1.07316563e+09
259871704.0,2.775172e+08
58411250.0,6.0794948e+07
2865531.0,2.9438315e+06
789869.0,57955.594
156205.0,57955.594
29924888.0,4.3963696e+07
1394405738.0,1.5418592e+09
-9999.0,4.6133595e+06
-9999.0,7.005065e+06
129214311.0,1.3409247e+08
68915432.0,6.4931004e+07
-9999.0,446889.66
-9999.0,57955.594
5687450.0,3.8738655e+06
207273379.0,2.6147064e+08
-9999.0,688900.25
7608688.0,6.6096305e+06
320351476.0,3.5928125e+08
48414668.0,5.109672e+07
-9999.0,446889.66
5921001.0,5.0918015e+06
-9999.0,57955.594
-9999.0,57955.594
5401143.0,3.8738655e+06
396073373.0,4.1351152e+08
1350237.0,2.173074e+06
175350397.0,1.7459893e+08
117173265.0,1.2903953e+08
3074548.0,3.6909035e+06
-9999.0,57955.594
-9999.0,57955.594
-9999.0,57955.594
7778768.0,5.0918015e+06
304727216.0,3.5884205e+08
-9999.0,688900.25
58153235.0,5.637754e+07
2206669610.0,2.5884936e+09
746420454.0,8.882393e+08
73828048.0,6.824664e+07
-9999.0,446889.66
12867624.0,1.2220732e+07
5718787.0,4.1622325e+06
73901517.0,7.521803e+07
3231975798.0,3.485054e+09
0.0,-6.5310544e+07
53744071.0,5.145397e+07
11673531810.0,1.2439587e+10
8191048286.0,9.182184e+09
131384806.0,9.065031e+07
4390322.0,7.4597755e+06
5116033.0,1.0390806e+07
21029040.0,3.6585332e+07
279734123.0,3.1159117e+08
20359978494.0,1.9786891e+10
20383738.0,2.7471284e+07
17542253.0,1.4130411e+07
804807246.0,9.1321965e+08
206131619.0,2.4371246e+08
17174595.0,1.6657938e+07
11493665.0,1.0137038e+07
4066998.0,4.8866335e+06
2018170.0,1.5421296e+06
32870110.0,3.7256724e+07
1116488398.0,1.1868408e+09
-9999.0,-55192.664
17100757.0,1.7992002e+07
760210607.0,8.554892e+08
300803261.0,3.5628352e+08
95348152.0,1.0604039e+08
5408746.0,4.2628e+06
2379979.0,1.5421296e+06
-9999.0,57955.594
81487488.0,1.0686939e+08
1294663588.0,1.3457866e+09
30298417.0,3.2282766e+07
12768908.0,1.2118646e+07
458781402.0,5.1020186e+08
256726357.0,2.6608472e+08
7947502.0,4.2628e+06
13610382.0,1.8611002e+07
3015679.0,1.5421296e+06
2191675.0,1.5421296e+06
11678129.0,1.6857264e+07
797018454.0,9.046048e+08
-9999.0,-55192.664
-9999.0,-184055.02
1035954038.0,1.0765101e+09
655160019.0,6.629946e+08
6188010.0,1.321176e+07
-9999.0,-184055.02
-9999.0,57955.594
-9999.0,57955.594
8263494.0,5.0918015e+06
1819400276.0,2.0611433e+09
73108225.0,7.166741e+07
32250795.0,2.574949e+07
886096378.0,9.29856e+08
457386050.0,5.11777e+08
52847180.0,6.5463908e+07
-9999.0,1.7002665e+06
4506415.0,3.8738655e+06
-9999.0,57955.594
31082286.0,2.7345206e+07
1545315822.0,1.7338516e+09
-9999.0,2.3166568e+06
-9999.0,2.1877945e+06
1390680472.0,1.6482162e+09
-9999.0,3.3907212e+06
16748008.0,2.443405e+07
-9999.0,57955.594
9089947.0,6.104569e+06
-9999.0,57955.594
68405367.0,6.519577e+07
3163104691.0,4.0629586e+09
73260790.0,6.884498e+07
-9999.0,1.1502668e+06
1076663947.0,1.246601e+09
284850123.0,3.3448298e+08
-9999.0,3.892804e+06
7996339.0,4.8497915e+06
8428499.0,1.2175371e+07
-9999.0,57955.594
25362074.0,2.5288638e+07
1535397855.0,1.8046619e+09
-9999.0,-203911.8
24538849.0,2.7027352e+07
1245552029.0,1.2935176e+09
406464832.0,4.669152e+08
16016670.0,2.3847058e+07
15356256.0,1.5014224e+07
4654033.0,3.8738655e+06
-9999.0,57955.594
80732017.0,1.0294168e+08
1812320090.0,1.9580361e+09
102257573.0,9.78929e+07
48676008.0,4.544758e+07
2228711354.0,2.4572956e+09
1010368504.0,1.0874577e+09
20279087.0,2.0148794e+07
23481518.0,3.315016e+07
28874277.0,3.266777e+07
78673546.0,1.1111441e+08
42313009.0,4.256639e+07
3583634880.0,3.3479808e+09
12162546.0,2.7674008e+07
15325872.0,8.2476e+06
660592718.0,7.6079763e+08
195093657.0,1.8115051e+08
14983578.0,1.5645169e+07
2006649.0,1.300119e+06
987228.0,1.5421296e+06
27258716.0,3.7604256e+07
13774572.0,1.1633741e+07
942185540.0,1.01921466e+09
1675294548.0,1.6989843e+09
1154751090.0,1.201554e+09
61784188421.0,7.318081e+10
34765663273.0,3.2112396e+10
1336116183.0,1.611067e+09
388183513.0,4.036149e+08
446174749.0,5.9591174e+08
638007831.0,6.141756e+08
2647274614.0,2.817267e+09
104836000000.0,1.0750342e+11
-9999.0,1.6382962e+07
17398365.0,2.7001884e+07
383211381.0,5.5320384e+08
114308236.0,1.1937207e+08
6014141.0,4.2628e+06
1496493.0,1.5421296e+06
2266678.0,9.843637e+06
-9999.0,57955.594
16330039.0,1.647417e+07
545876444.0,6.3679584e+08
34693589.0,4.1605148e+07
9732380.0,5.6134635e+06
493777631.0,5.326299e+08
305774588.0,3.456245e+08
-9999.0,446889.66
3158478.0,1.300119e+06
26332716.0,3.2847908e+07
-9999.0,688900.25
64486459.0,6.162395e+07
939256593.0,1.03224134e+09
497023464.0,4.7576118e+08
67307418.0,7.2372984e+07
12235603146.0,1.2789931e+10
5850347279.0,7.0587295e+09
73838293.0,4.1796224e+07
37382733.0,4.715361e+07
87585543.0,1.04515e+08
300875068.0,2.8363846e+08
474673915.0,5.2876618e+08
19624636863.0,2.0508869e+10
118711880.0,1.4660043e+08
28869393.0,-3.20421e+07
1068814135.0,1.1327767e+09
340652050.0,4.212273e+08
41581542.0,4.7005296e+07
-9999.0,446889.66
2095529.0,1.5421296e+06
-9999.0,57955.594
46098369.0,5.0925256e+07
1661015607.0,1.7925362e+09
-9999.0,2.3166568e+06
14740775.0,1.599352e+07
490775917.0,5.5022163e+08
97294180.0,1.0297364e+08
2604006.0,1.9310635e+06
11986280.0,1.8937648e+07
-9999.0,57955.594
-9999.0,57955.594
21080596.0,1.748694e+07
640650403.0,7.462918e+08
174321068.0,1.715854e+08
439576870.0,4.8074944e+08
9469935420.0,9.882626e+09
5636057579.0,6.5911926e+09
311883316.0,3.563456e+08
59916990.0,6.119258e+07
-9999.0,446889.66
-9999.0,57955.594
450228850.0,5.2188022e+08
16662818581.0,1.7361814e+10
-9999.0,528740.44
5992827.0,-1.7802716e+07
337425100.0,4.4453165e+08
166895963.0,1.7263798e+08
7204657.0,4.2628e+06
-9999.0,57955.594
-9999.0,57955.594
0.0,57955.594
13368191.0,1.1391816e+07
532919362.0,6.3679584e+08
84919923.0,1.0229485e+08
7056374.0,6.0226395e+06
2056329335.0,2.3432845e+09
3694202457.0,3.7788285e+09
6252702.0,-4.1560958e+06
-9999.0,2.5161155e+06
84251420.0,1.0294168e+08
-9999.0,688900.25
334669397.0,3.459849e+08
6274178627.0,6.27598e+09
-9999.0,-1.4388314e+07
-9999.0,-283832.72
2066134487.0,2.5486881e+09
1914395691.0,1.9682083e+09
-9999.0,2.1123755e+06
-9999.0,2.1877945e+06
31774056.0,5.2380456e+07
-9999.0,688900.25
143313475.0,1.553497e+08
4423515753.0,4.8025446e+09
0.0,1.1590281e+07
-9999.0,-555594.25
148647447.0,1.6089038e+08
22762580.0,2.5837736e+07
7586719.0,6.0226395e+06
-9999.0,57955.594
0.0,57955.594
-9999.0,57955.594
-9999.0,57955.594
184835168.0,1.6944768e+08
-9999.0,688900.25
29317271.0,2.577354e+07
1306363657.0,1.5070196e+09
772878163.0,9.124902e+08
-9999.0,6.8919165e+06
-9999.0,-184055.02
17644227.0,1.8234014e+07
-9999.0,57955.594
45126473.0,5.168371e+07
2195550385.0,2.4960146e+09
35326518.0,4.497772e+07
26868009.0,2.4288118e+07
720700740.0,8.174809e+08
389145136.0,4.5429072e+08
51175415.0,4.6725572e+07
-9999.0,446889.66
6004314.0,6.104569e+06
-9999.0,57955.594
42218593.0,4.4759736e+07
1297344635.0,1.5000332e+09
42706612.0,5.449528e+07
66314451.0,7.571721e+07
1787825139.0,1.965423e+09
660832253.0,7.6740666e+08
132496534.0,1.7059608e+08
-9999.0,446889.66
7582891.0,5.0918015e+06
-9999.0,57955.594
83426807.0,1.0118184e+08
2812528278.0,3.3335575e+09
0.0,-9.279377e+06
40396660.0,3.6454588e+07
2000354954.0,2.2631898e+09
1026326884.0,1.1700463e+09
147441670.0,1.51178e+08
4664107.0,4.2628e+06
15293891.0,2.5052298e+07
1087935.0,1.8304968e+06
93217393.0,1.1165434e+08
3328783499.0,3.5736525e+09
0.0,-9.279377e+06
30642758.0,1.6939826e+07
1024436582.0,1.1770554e+09
291216095.0,3.6899606e+08
56295914.0,6.5699092e+07
7490445.0,5.2755675e+06
710641.0,57955.594
2088069.0,1.5823803e+07
34928174.0,5.4671252e+07
1447808681.0,1.541916e+09
-9999.0,4.6133595e+06
-9999.0,7.005065e+06
133905472.0,1.6837802e+08
62128686.0,6.1359188e+07
-9999.0,446889.66
0.0,57955.594
0.0,57955.594
-9999.0,57955.594
5872598.0,5.0918015e+06
206186009.0,2.6147064e+08
-9999.0,688900.25
7037735.0,6.6096305e+06
323023382.0,3.5928125e+08
45863890.0,4.933688e+07
-9999.0,446889.66
5940600.0,5.0918015e+06
-9999.0,57955.594
-9999.0,57955.594
4631728.0,3.8738655e+06
394130798.0,4.453996e+08
0.0,688900.25
1052698.0,3.059959e+06
173145417.0,2.2966309e+08
111929956.0,1.236742e+08
2740254.0,3.6909035e+06
887653.0,1.5421296e+06
-9999.0,57955.594
-9999.0,57955.594
6364454.0,5.0918015e+06
296120434.0,3.5884205e+08
-9999.0,688900.25
58466569.0,5.637754e+07
2271522233.0,2.73378e+09
722415966.0,8.882393e+08
69772183.0,6.899073e+07
30127632.0,2.5186548e+07
11456212.0,1.2022761e+07
-9999.0,57955.594
79875096.0,1.009863e+08
3270631001.0,3.628658e+09
0.0,-6.101687e+07
48131201.0,4.5173356e+07
12282064236.0,1.2880286e+10
7027481717.0,9.022027e+09
130799722.0,1.3668946e+08
4614434.0,4.996787e+06
11018394.0,1.7567644e+07
9974399.0,5.6995695e+06
281469505.0,3.02356e+08
19795553612.0,1.9996926e+10
18898867.0,-1.4566234e+07
20056528.0,4.355563e+07
868911695.0,9.639729e+08
229420929.0,2.4371246e+08
18078461.0,1.6657938e+07
13019566.0,1.0767983e+07
4080974.0,4.8866335e+06
-9999.0,57955.594
34548291.0,4.3270132e+07
1209163594.0,1.3124572e+09
29790665.0,2.5093644e+07
22496267.0,2.5186548e+07
789355694.0,8.90532e+08
338305946.0,4.3627014e+08
78672269.0,1.0604039e+08
-9999.0,446889.66
2393343.0,1.5421296e+06
-9999.0,57955.594
89670070.0,1.0150406e+08
1358739764.0,1.5567383e+09
37539470.0,4.969729e+07
14459748.0,1.9307766e+07
492348838.0,5.1020186e+08
310418094.0,3.3646358e+08
8409964.0,4.2628e+06
16192934.0,2.3488182e+07
2650647.0,1.5421296e+06
2042935.0,1.5421296e+06
13201992.0,2.0202248e+07
897264625.0,9.996058e+08
-9999.0,-55192.664
-9999.0,-184055.02
1088688947.0,1.2211113e+09
660560514.0,7.428138e+08
6428380.0,1.321176e+07
-9999.0,-184055.02
-9999.0,57955.594
-9999.0,57955.594
9083631.0,5.7615315e+06
1880076552.0,2.1336419e+09
-9999.0,2.3166568e+06
31440936.0,2.6336482e+07
914825684.0,9.9632954e+08
335354213.0,3.989447e+08
54660092.0,5.8663812e+07
-9999.0,1.7002665e+06
3903648.0,3.8738655e+06
-9999.0,57955.594
30094530.0,2.7345206e+07
1450327323.0,1.5395196e+09
-9999.0,7.1339275e+06
-9999.0,7.005065e+06
1463542344.0,1.7965217e+09
-9999.0,4.6133595e+06
-9999.0,7.005065e+06
-9999.0,57955.594
-9999.0,57955.594
-9999.0,57955.594
69148273.0,6.519577e+07
3304837503.0,4.235379e+09
76443079.0,6.884498e+07
-9999.0,1.1502668e+06
1136716232.0,1.3655846e+09
356542801.0,4.5399594e+08
-9999.0,7.6360095e+06
-9999.0,-184055.02
7223871.0,5.0918015e+06
-9999.0,57955.594
17779887.0,1.7097918e+07
1663297235.0,1.8901283e+09
-9999.0,-203911.8
24824034.0,2.487511e+07
1275991647.0,1.4836477e+09
391360498.0,4.554442e+08
17140238.0,2.3847058e+07
14703829.0,1.6774068e+07
4370908.0,3.8738655e+06
-9999.0,57955.594
82800474.0,1.043999e+08
1830675230.0,1.995618e+09
92130085.0,9.78929e+07
48247790.0,4.544758e+07
2297490653.0,2.5429176e+09
1096756076.0,1.3511433e+09
21429154.0,2.0148794e+07
21664658.0,3.315016e+07
28822577.0,3.266777e+07
76055858.0,7.680866e+07
46618160.0,5.311233e+07
3729215016.0,3.799008e+09
13165402.0,2.46023e+07
14067954.0,5.367213e+06
682320861.0,8.220069e+08
217558440.0,2.4453494e+08
15826433.0,1.5645169e+07
2044079.0,1.300119e+06
1013079.0,1.5421296e+06
19789139.0,2.9413528e+07
11931244.0,1.1633741e+07
977716635.0,1.064789e+09
1548422690.0,1.6367117e+09
1236047675.0,1.2344366e+09
63977909747.0,7.298461e+10
49984538473.0,1.35769416e+11
3371283074.0,4.6664284e+09
455441828.0,4.9452285e+08
443587791.0,6.118001e+08
618907956.0,6.0409555e+08
5236640078.0,6.072029e+09
126873000000.0,1.4286316e+11
-9999.0,-5.276115e+07
17697859.0,-3.5744942e+06
395369381.0,6.5202125e+08
141586796.0,1.6258349e+08
5054594.0,4.2628e+06
1835142.0,1.5421296e+06
1948341.0,9.843637e+06
-9999.0,57955.594
17041107.0,1.647417e+07
585173027.0,7.3705664e+08
32104759.0,4.2267856e+07
9875214.0,5.6134635e+06
508376716.0,6.2164e+08
315065824.0,3.456245e+08
-9999.0,446889.66
3401158.0,1.300119e+06
27489112.0,3.4904476e+07
-9999.0,688900.25
66006371.0,6.519577e+07
963896405.0,1.02031546e+09
464944741.0,4.7448656e+08
70501976.0,7.594481e+07
13167237472.0,1.3108991e+10
6718822398.0,7.561789e+09
74786824.0,7.127601e+07
43021275.0,5.2792916e+07
79190544.0,1.105778e+08
311567838.0,3.134754e+08
468918390.0,5.2876618e+08
21398991461.0,2.0508869e+10
101605160.0,1.0911184e+08
30195664.0,-3.4194344e+07
1097967169.0,1.1972317e+09
476203820.0,5.2298954e+08
41480093.0,4.7005296e+07
-9999.0,446889.66
2183953.0,1.5421296e+06
-9999.0,57955.594
48488912.0,5.0925256e+07
1810882523.0,1.9396782e+09
-9999.0,2.3166568e+06
14326660.0,1.1116335e+07
468190617.0,5.326299e+08
105328916.0,1.1422887e+08
2158120.0,1.9310635e+06
11355446.0,1.7993354e+07
-9999.0,57955.594
0.0,57955.594
24966234.0,2.4459722e+07
628281871.0,8.26111e+08
-9999.0,688900.25
478896156.0,4.977665e+08
9806080304.0,1.0523912e+10
6133141429.0,7.0736215e+09
316174997.0,3.5406685e+08
63102418.0,6.5040196e+07
75329383.0,1.275446e+08
-9999.0,688900.25
547053146.0,6.1089024e+08
17624460930.0,1.996806e+10
-9999.0,4.3951625e+06
6720542.0,-2.7955518e+07
351886429.0,4.5150336e+08
195628128.0,2.33364e+08
7367700.0,4.2628e+06
-9999.0,57955.594
-9999.0,57955.594
0.0,57955.594
13023822.0,1.1391816e+07
576766834.0,7.3705664e+08
83130817.0,1.0229485e+08
6623502.0,6.0226395e+06
2163985979.0,2.5518922e+09
3865914455.0,4.230024e+09
-9999.0,-6.0523875e+06
-9999.0,-555594.25
86146424.0,1.0294168e+08
4383502.0,4.5048105e+06
333273754.0,3.3832378e+08
6550371795.0,7.2461036e+09
-9999.0,-1.4388314e+07
-9999.0,-283832.72
2066355302.0,2.4029476e+09
2265153591.0,2.544843e+09
-9999.0,2.1123755e+06
-9999.0,2.1877945e+06
28893962.0,2.6424728e+07
-9999.0,688900.25
156789542.0,1.5682117e+08
4753268478.0,5.716994e+09
0.0,7.2177665e+06
-9999.0,-4.9281105e+06
149306146.0,1.6089038e+08
24441837.0,2.5837736e+07
7219863.0,6.0226395e+06
-9999.0,57955.594
0.0,57955.594
-9999.0,57955.594
-9999.0,57955.594
187023811.0,2.33945e+08
-9999.0,688900.25
28656561.0,2.577354e+07
1304620048.0,1.5070196e+09
814164699.0,9.6280934e+08
-9999.0,6.8919165e+06
-9999.0,-184055.02
16812916.0,1.8234014e+07
-9999.0,57955.594
36879388.0,4.270317e+07
2215677939.0,2.63147e+09
34944810.0,4.497772e+07
30541736.0,2.75584e+07
756991030.0,9.1679034e+08
410606158.0,5.2167424e+08
49409686.0,4.7036884e+07
26092834.0,2.4848654e+07
-9999.0,688900.25
-9999.0,57955.594
43090387.0,5.1949068e+07
1360302603.0,1.4958798e+09
37736232.0,5.823849e+07
70176148.0,7.928903e+07
1870095611.0,2.2907185e+09
719129611.0,8.743419e+08
150896791.0,1.6913403e+08
13019158.0,1.2527823e+07
-9999.0,57955.594
-9999.0,57955.594
134910362.0,1.567985e+08
3020601611.0,3.6784591e+09
0.0,-9.279377e+06
53576117.0,5.202729e+07
1856599201.0,2.2839926e+09
2769928839.0,4.1418327e+09
866312577.0,9.064116e+08
36402075.0,4.4067984e+07
21561939.0,2.2355434e+07
1155588.0,2.7760988e+06
436125372.0,5.715439e+08
6041661712.0,6.467926e+09
0.0,8.420304e+06
29498431.0,4.0699456e+07
1210583809.0,1.4870275e+09
706439332.0,9.482436e+08
496868383.0,5.96658e+08
9447516.0,5.2755675e+06
827333.0,2.5534955e+06
0.0,57955.594
243122252.0,2.76597e+08
2696787059.0,3.5799145e+09
-9999.0,-6.8911125e+06
-9999.0,3.3004405e+06
136182165.0,1.6837802e+08
64926574.0,6.4931004e+07
-9999.0,446889.66
0.0,57955.594
0.0,57955.594
-9999.0,57955.594
4734876.0,3.8738655e+06
209996268.0,2.5252613e+08
-9999.0,688900.25
6801548.0,6.6096305e+06
335856602.0,4.357853e+08
45014882.0,4.933688e+07
3695066.0,4.2628e+06
2668471.0,1.5421296e+06
-9999.0,57955.594
-9999.0,57955.594
4930376.0,3.8738655e+06
403038715.0,5.3233027e+08
0.0,688900.25
1065271.0,3.059959e+06
193883104.0,2.9416048e+08
175660213.0,2.2684898e+08
9639374.0,6.0226395e+06
1739225.0,3.3019695e+06
0.0,57955.594
0.0,57955.594
41932449.0,4.9842028e+07
423919638.0,5.467207e+08
-9999.0,688900.25
59538088.0,5.637754e+07
2280306270.0,2.7734886e+09
813091110.0,9.6851603e+08
61736578.0,6.4674812e+07
30530985.0,2.5595724e+07
-9999.0,688900.25
6741538.0,5.3801685e+06
84556336.0,1.0919787e+08
3358386467.0,4.2876687e+09
0.0,-1.6550514e+08
48811708.0,4.5173356e+07
12370532447.0,1.3118342e+10
17341043060.0,1.7117217e+10
994955601.0,1.2386171e+09
15777598.0,3.2665748e+07
9539928.0,1.3503374e+07
5365599.0,5.6995695e+06
2112466554.0,2.6591805e+09
32898492499.0,2.6968859e+10
16786494.0,2.0810109e+08
22579039.0,1.4296968e+07
914319025.0,1.0403327e+09
238958363.0,2.6295214e+08
18448159.0,1.6657938e+07
13738284.0,1.5645169e+07
4546589.0,4.8866335e+06
1411635.0,1.5421296e+06
39134240.0,5.4671252e+07
1269921832.0,1.4826149e+09
30556636.0,2.5093644e+07
21859631.0,2.5186548e+07
842999419.0,1.0041781e+09
354918795.0,4.4324186e+08
71164714.0,7.005433e+07
5331658.0,4.2628e+06
-9999.0,57955.594
-9999.0,57955.594
89091577.0,1.0686939e+08
1419265274.0,1.6803343e+09
36643408.0,4.969729e+07
15434629.0,2.4184952e+07
532307496.0,5.992121e+08
348823654.0,4.1993936e+08
9092862.0,4.2628e+06
17340468.0,2.3488182e+07
2945344.0,1.5421296e+06
1337894.0,1.5421296e+06
17029593.0,2.748571e+07
980955352.0,1.1249677e+09
-9999.0,-55192.664
-9999.0,-184055.02
1120582974.0,1.3359917e+09
642091377.0,7.6213146e+08
5968929.0,1.321176e+07
-9999.0,-184055.02
-9999.0,57955.594
-9999.0,57955.594
9572101.0,6.104569e+06
1882150980.0,2.24e+09
59349673.0,5.9554376e+07
33810760.0,3.8615896e+07
936117385.0,1.02739155e+09
355954394.0,4.2100986e+08
53546555.0,5.676341e+07
-9999.0,1.7002665e+06
4087951.0,3.8738655e+06
-9999.0,57955.594
28982392.0,2.7345206e+07
1496455125.0,1.7238678e+09
-9999.0,7.1339275e+06
-9999.0,7.005065e+06
1529463382.0,1.704371e+09
1625931157.0,1.7991264e+09
-9999.0,3.187292e+06
-9999.0,2.1877945e+06
-9999.0,57955.594
-9999.0,57955.594
74633245.0,6.519577e+07
3424769012.0,4.523218e+09
89619966.0,9.3333624e+07
-9999.0,1.1502668e+06
1152337847.0,1.3622559e+09
390176744.0,4.633301e+08
-9999.0,7.6360095e+06
-9999.0,-184055.02
7466469.0,5.0918015e+06
-9999.0,57955.594
12969923.0,1.2220732e+07
1729405612.0,1.9262714e+09
-9999.0,-203911.8
27297412.0,2.7027352e+07
1306549127.0,1.5192922e+09
414740472.0,5.572746e+08
16452694.0,2.3847058e+07
15520826.0,1.6774068e+07
4683291.0,3.8738655e+06
-9999.0,57955.594
83126057.0,1.033761e+08
1887740231.0,2.3218117e+09
77278205.0,9.78929e+07
51755590.0,4.544758e+07
2435460816.0,2.7776899e+09
1303189483.0,1.5891347e+09
20295939.0,2.253461e+07
26893874.0,3.6596076e+07
31363688.0,5.0082308e+07
74007536.0,8.054915e+07
48863897.0,5.311233e+07
4069109033.0,4.5662986e+09
11919387.0,2.46023e+07
14261017.0,-7.066857e+06
717366460.0,8.865642e+08
208462349.0,2.4453494e+08
14734528.0,1.5645169e+07
2226725.0,1.300119e+06
1122029.0,1.5421296e+06
20997150.0,2.7942056e+07
13935557.0,1.1633741e+07
1005025207.0,1.1755265e+09
1781082488.0,1.8321626e+09
1324788574.0,1.4191744e+09
65655147577.0,7.29195e+10
37581399900.0,4.803681e+10
1378849848.0,1.6015177e+09
410418059.0,4.9609786e+08
468453576.0,6.8492166e+08
676604372.0,6.6110637e+08
3079544587.0,3.6722785e+09
112356000000.0,1.0745914e+11
-9999.0,1.6382962e+07
20269444.0,-1.7546858e+07
414406927.0,6.523119e+08
145337625.0,1.6464003e+08
5345905.0,4.2628e+06
1696975.0,1.5421296e+06
2575038.0,9.843637e+06
-9999.0,57955.594
19318145.0,1.748694e+07
613574594.0,8.26111e+08
32284757.0,4.2267856e+07
10141062.0,5.6134635e+06
514283604.0,6.2164e+08
304084251.0,3.456245e+08
-9999.0,446889.66
3198259.0,1.300119e+06
29833440.0,4.7744076e+07
-9999.0,688900.25
60570235.0,6.162395e+07
956068343.0,1.113103e+09
468227381.0,5.597285e+08
81301466.0,1.06973576e+08
13556235200.0,1.3108991e+10
6500245489.0,7.547106e+09
72329106.0,7.127601e+07
44964687.0,5.2792916e+07
84553460.0,1.0563149e+08
341494971.0,3.5384438e+08
532004226.0,6.177763e+08
21681355990.0,2.3619674e+10
94810692.0,6.23122e+07
30890118.0,-7.3523336e+07
1146253820.0,1.2449009e+09
518891166.0,6.3165485e+08
47211408.0,5.4226e+07
-9999.0,446889.66
2222988.0,1.5421296e+06
-9999.0,57955.594
42313859.0,5.0490836e+07
1896584527.0,2.256844e+09
-9999.0,2.3166568e+06
15562510.0,1.599352e+07
544658231.0,7.155891e+08
107435706.0,1.2142864e+08
-9999.0,446889.66
-9999.0,57955.594
800379.0,57955.594
42555664.0,5.603155e+07
725774874.0,9.3452794e+08
-9999.0,-55192.664
520781121.0,5.867764e+08
9890099481.0,1.127408e+10
6435533358.0,7.337238e+09
322594786.0,3.769373e+08
69545200.0,6.361742e+07
71666339.0,1.10847304e+08
-9999.0,688900.25
546597170.0,6.1089024e+08
18069613781.0,1.9974978e+10
-9999.0,9.866519e+06
6623337.0,-2.7955518e+07
347852807.0,4.5150336e+08
-9999.0,688900.25
6396788.0,4.8497915e+06
-9999.0,57955.594
-9999.0,57955.594
13574072.0,1.2609752e+07
560545637.0,7.1940256e+08
79796201.0,9.375365e+07
6328971.0,6.0226395e+06
2232501587.0,2.7554706e+09
3829178924.0,4.2514506e+09
6973735.0,3.12927e+06
-9999.0,-555594.25
88213251.0,9.799537e+07
-9999.0,688900.25
358880372.0,4.0722867e+08
6607081563.0,7.696943e+09
-9999.0,-1.4388314e+07
-9999.0,-2.1410225e+06
2026903927.0,2.2905748e+09
2136439782.0,2.544843e+09
-9999.0,2.1123755e+06
-9999.0,2.1877945e+06
31306087.0,5.2380456e+07
-9999.0,688900.25
156146926.0,1.5530963e+08
4595000154.0,5.6724316e+09
-9999.0,1.1590281e+07
145414181.0,1.9299586e+08
26287548.0,2.5837736e+07
7357976.0,6.0226395e+06
-9999.0,57955.594
-9999.0,57955.594
-9999.0,57955.594
185601127.0,2.33945e+08
-9999.0,688900.25
-9999.0,-184055.02
1297351530.0,1.5795808e+09
-9999.0,-55192.664
-9999.0,-184055.02
-9999.0,57955.594
18635655.0,1.8234014e+07
-9999.0,688900.25
38207170.0,4.270317e+07
2182065088.0,2.6013202e+09
-9999.0,-203911.8
30095373.0,2.8145392e+07
802198571.0,1.00804224e+09
419185104.0,5.1392042e+08
58303793.0,5.817e+07
26559053.0,2.4848654e+07
6847076.0,5.517578e+06
-9999.0,57955.594
44079771.0,5.1949068e+07
1426982740.0,1.6621207e+09
42614942.0,6.3497416e+07
72239687.0,7.928903e+07
1869595801.0,2.3525156e+09
764707733.0,9.4314765e+08
148068072.0,1.6838994e+08
-9999.0,446889.66
7782265.0,5.0918015e+06
-9999.0,57955.594
145368038.0,1.567985e+08
3072350093.0,3.5023112e+09
11016543.0,5.652257e+06
51573267.0,9.416642e+07
2164232424.0,2.7006858e+09
1057880756.0,1.307779e+09
148827839.0,1.51178e+08
12929637.0,1.0767983e+07
26276192.0,3.192091e+07
528400.0,1.954634e+06
119901573.0,1.20996456e+08
3593166635.0,3.9236777e+09
15774184.0,3.0307724e+07
31147444.0,2.7284772e+07
1084890654.0,1.2426476e+09
331795079.0,4.5121747e+08
60820330.0,6.94423e+07
6276088.0,5.2755675e+06
890702.0,1.5421296e+06
-9999.0,57955.594
33497276.0,4.3270132e+07
1565091760.0,1.8638071e+09
-9999.0,-203911.8
-9999.0,2.1877945e+06
140536153.0,1.6837802e+08
69764927.0,6.4931004e+07
-9999.0,446889.66
-9999.0,57955.594
6636452.0,5.0918015e+06
221684399.0,2.717659e+08
-9999.0,688900.25
7291445.0,6.6096305e+06
338900934.0,4.4275702e+08
49218781.0,5.5617492e+07
3970209.0,4.2628e+06
2490751.0,1.5421296e+06
-9999.0,57955.594
-9999.0,57955.594
7272175.0,5.0918015e+06
413233426.0,5.45405e+08
620347.0,688900.25
199403248.0,2.600607e+08
100149714.0,1.1831553e+08
2270721.0,3.6909035e+06
931255.0,1.5421296e+06
-9999.0,57955.594
-9999.0,57955.594
15705497.0,1.8234014e+07
319080785.0,4.353461e+08
-9999.0,688900.25
62838378.0,5.637754e+07
2342818266.0,2.6945905e+09
806881406.0,9.6851603e+08
77465331.0,1.0423272e+08
28280163.0,2.5595724e+07
6185233.0,5.517578e+06
-9999.0,57955.594
94401833.0,1.009863e+08
3440643586.0,3.6701647e+09
185276989.0,4.9555092e+07
69097332.0,6.2506024e+07
12846412864.0,1.265576e+10
7037628553.0,8.349932e+09
127574783.0,1.0790932e+08
1433554.0,2.6650518e+06
10322186.0,1.5980598e+07
259207.0,57955.594
331477797.0,4.2322765e+08
20609483270.0,2.028228e+10
-9999.0,9.866519e+06
26095247.0,-8.602853e+06
953544043.0,1.1441242e+09
248541182.0,3.0635408e+08
19082467.0,1.6657938e+07
14660504.0,1.5645169e+07
4606735.0,4.8866335e+06
-9999.0,57955.594
47964209.0,5.0490836e+07
1331340162.0,1.5087976e+09
36814882.0,4.969729e+07
24799264.0,3.237567e+07
864805693.0,1.0029565e+09
362383486.0,4.4691146e+08
74428387.0,1.0604039e+08
-9999.0,446889.66
2580814.0,1.5421296e+06
-9999.0,57955.594
92905928.0,1.0356063e+08
1467496929.0,1.7041137e+09
37636383.0,4.601783e+07
16763339.0,2.4184952e+07
569683193.0,6.9561664e+08
340376260.0,4.1993936e+08
9713109.0,5.6134635e+06
18258936.0,2.3488182e+07
2915711.0,2.173074e+06
808449.0,57955.594
21949177.0,3.5287416e+07
1018104562.0,1.2194715e+09
-9999.0,-55192.664
-9999.0,-184055.02
1143129212.0,1.3596319e+09
613775640.0,7.64188e+08
6005815.0,1.321176e+07
-9999.0,-184055.02
-9999.0,57955.594
-9999.0,57955.594
11594757.0,1.2609752e+07
1882650249.0,2.2944794e+09
58871120.0,5.9554376e+07
33693806.0,3.8615896e+07
962947278.0,1.1270968e+09
341109774.0,4.2100986e+08
51380544.0,5.676341e+07
2881946.0,3.18444e+06
-9999.0,57955.594
-9999.0,57955.594
30723339.0,2.7345206e+07
1520960721.0,1.750393e+09
-9999.0,7.1339275e+06
-9999.0,2.1877945e+06
1550456790.0,1.7661588e+09
-9999.0,-203911.8
-9999.0,2.1877945e+06
-9999.0,57955.594
-9999.0,57955.594
-9999.0,57955.594
-9999.0,57955.594
3454497357.0,4.1386478e+09
91427912.0,9.3333624e+07
-9999.0,1.1502668e+06
1156746514.0,1.504164e+09
339653861.0,4.633301e+08
-9999.0,7.6360095e+06
8813524.0,5.862559e+06
7769633.0,3.8738655e+06
-9999.0,57955.594
14666128.0,1.7097918e+07
1684370139.0,1.9374807e+09
-9999.0,-203911.8
27800398.0,2.6978688e+07
1301659281.0,1.5192922e+09
468429349.0,6.462847e+08
17626152.0,2.3847058e+07
17118005.0,1.6774068e+07
4889625.0,3.8738655e+06
-9999.0,57955.594
95477098.0,1.0294168e+08
1959813393.0,2.360088e+09
79668442.0,9.78929e+07
46653673.0,4.544758e+07
2518405185.0,2.9285947e+09
1432117506.0,1.773515e+09
21689656.0,2.7653618e+07
27906158.0,4.033928e+07
36628689.0,4.9855096e+07
74402916.0,8.054915e+07
53200591.0,5.939294e+07
4290672820.0,4.589846e+09
10834253.0,-2.9287428e+07
15716288.0,-2.1896788e+06
728820165.0,9.0428416e+08
198283531.0,2.4379085e+08
15343325.0,1.5645169e+07
2496130.0,1.300119e+06
1382608.0,1.5421296e+06
22277998.0,3.7604256e+07
16245964.0,1.8567498e+07
1011400267.0,1.2392118e+09
1683113599.0,1.8030966e+09
1360940664.0,1.4008846e+09
66689738900.0,7.300809e+10
37807299575.0,4.7283466e+10
1365803609.0,1.5440504e+09
410474454.0,4.9488307e+08
471062836.0,6.63366e+08
594145656.0,6.0409555e+08
3035755425.0,3.6641009e+09
113418000000.0,1.0745914e+11
-9999.0,1.6382962e+07
25357443.0,-9.356147e+06
423109365.0,6.523119e+08
151692523.0,1.7263798e+08
6714073.0,4.2628e+06
1861380.0,1.5421296e+06
3541304.0,1.2175371e+07
-9999.0,57955.594
19957255.0,1.71439e+07
636889515.0,8.26111e+08
34160875.0,4.213017e+07
10195438.0,5.6134635e+06
489451814.0,6.2164e+08
277373292.0,3.341535e+08
-9999.0,446889.66
2668291.0,1.300119e+06
30559812.0,4.8032444e+07
-9999.0,688900.25
63614578.0,6.519577e+07
910188219.0,1.00400224e+09
467236467.0,5.584538e+08
84913118.0,1.06973576e+08
13936344121.0,1.560151e+10
6376862074.0,7.3589356e+09
78662091.0,6.919655e+07
47563742.0,6.093072e+07
89209421.0,1.0716811e+08
219468025.0,2.3625008e+08
592507275.0,6.973098e+08
21892766338.0,2.3679293e+10
88283378.0,6.23122e+07
31656559.0,-3.4194344e+07
1218998303.0,1.4898874e+09
452817902.0,6.3576506e+08
46774041.0,5.4226e+07
-9999.0,446889.66
2179679.0,1.5421296e+06
-9999.0,57955.594
44917752.0,5.0490836e+07
1900763055.0,2.256844e+09
-9999.0,2.3166568e+06
16032256.0,1.599352e+07
543576482.0,7.155891e+08
113562469.0,1.2142864e+08
1837564.0,1.9310635e+06
12393135.0,1.9924666e+07
-9999.0,57955.594
0.0,57955.594
34689436.0,4.3634092e+07
724399726.0,9.544254e+08
-9999.0,688900.25
558945102.0,5.867764e+08
9783115773.0,1.1308051e+10
6709111120.0,7.9127035e+09
341323585.0,3.769373e+08
73620469.0,9.916909e+07
68589098.0,1.0097779e+08
-9999.0,688900.25
533538558.0,6.125685e+08
18292269237.0,2.0494862e+10
-9999.0,9.866519e+06
5373192.0,-4.54471e+06
347092858.0,4.4855296e+08
178630299.0,2.33364e+08
6407458.0,4.2628e+06
-9999.0,57955.594
-9999.0,57955.594
0.0,57955.594
16063726.0,1.6269002e+07
556471338.0,7.1940256e+08
81486463.0,1.0229485e+08
-9999.0,446889.66
2350725807.0,2.562467e+09
4079904014.0,4.6329564e+09
7314386.0,3.12927e+06
-9999.0,-555594.25
89671551.0,9.799537e+07
6129721.0,4.5048105e+06
360520025.0,3.9956755e+08
6982104243.0,8.039085e+09
-9999.0,-1.4388314e+07
-9999.0,-2.1410225e+06
1992443111.0,2.3761969e+09
2008113078.0,2.308193e+09
-9999.0,2.1123755e+06
-9999.0,2.1877945e+06
30095282.0,4.383926e+07
-9999.0,688900.25
152522188.0,1.6011486e+08
4464898097.0,5.344952e+09
0.0,1.1590281e+07
-9999.0,-555594.25
145950269.0,1.6089038e+08
25432001.0,2.5837736e+07
7409579.0,6.0226395e+06
-9999.0,57955.594
0.0,57955.594
-9999.0,57955.594
-9999.0,57955.594
185584352.0,2.33945e+08
-9999.0,688900.25
-9999.0,-184055.02
1315264122.0,1.7312876e+09
798684768.0,9.6960954e+08
-9999.0,6.8919165e+06
3478236.0,3.631855e+06
17944423.0,2.1456862e+07
-9999.0,688900.25
40603456.0,4.270317e+07
2210401899.0,2.7620554e+09
38527347.0,4.497772e+07
31322461.0,2.3597248e+07
835775921.0,9.9517216e+08
449101784.0,5.2167424e+08
59273041.0,6.112561e+07
30525905.0,4.2263184e+07
-9999.0,688900.25
-9999.0,57955.594
50452233.0,5.822968e+07
1505362248.0,1.8318868e+09
-9999.0,7.1339275e+06
77639191.0,7.1574504e+07
1865738718.0,2.3525156e+09
733169614.0,9.3778234e+08
140083074.0,1.6503472e+08
5470445.0,4.2628e+06
7123130.0,1.1335053e+07
-9999.0,57955.594
125996838.0,1.2251296e+08
3007181319.0,3.3690982e+09
9627447.0,4.496948e+06
39819668.0,8.799743e+07
2356255707.0,2.966522e+09
977438537.0,1.1338872e+09
182666239.0,2.1456243e+08
13928717.0,1.5645169e+07
33275993.0,4.9686636e+07
-9999.0,688900.25
79871458.0,1.009863e+08
3692883769.0,4.1984968e+09
11078609.0,2.019758e+07
40277587.0,8.402828e+07
1193010744.0,1.4727828e+09
299198475.0,3.8953635e+08
66129741.0,7.594481e+07
3120839.0,1.9310635e+06
851554.0,1.5421296e+06
-9999.0,57955.594
17668715.0,1.915449e+07
1631336267.0,1.8917833e+09
-9999.0,-203911.8
-9999.0,2.1877945e+06
140690222.0,1.6837802e+08
73363533.0,1.0091707e+08
-9999.0,446889.66
0.0,57955.594
0.0,57955.594
-9999.0,57955.594
5055974.0,3.8738655e+06
224677569.0,2.717659e+08
-9999.0,688900.25
7446051.0,6.6096305e+06
336345074.0,4.409972e+08
56886671.0,6.2229836e+07
4809599.0,6.0226395e+06
2644629.0,1.5421296e+06
-9999.0,57955.594
-9999.0,57955.594
10818757.0,1.1596984e+07
423235855.0,5.45405e+08
0.0,688900.25
0.0,-184055.02
234294888.0,2.8679104e+08
141710064.0,1.5151277e+08
0.0,446889.66
0.0,57955.594
-9999.0,57955.594
0.0,57955.594
29755917.0,2.6219562e+07
405760871.0,5.37613e+08
-9999.0,688900.25
66769960.0,5.637754e+07
2449537572.0,2.798804e+09
816341702.0,1.0320859e+09
79637832.0,1.0023365e+08
-9999.0,446889.66
6100151.0,6.104569e+06
7748986.0,1.2778395e+07
98159757.0,1.1114876e+08
3568523877.0,4.7362196e+09
95672252.0,-3.91607e+07
71878935.0,4.0166764e+07
13486914960.0,1.4829073e+10
7374607177.0,8.3844244e+09
125044423.0,1.0790932e+08
5096397.0,3.0771688e+06
4189974.0,3.3186388e+06
-9999.0,57955.594
383918169.0,4.2790653e+08
21547322292.0,2.3443272e+10
16502694.0,-1.4566234e+07
29728521.0,1.8054576e+07
971466639.0,1.205592e+09
244254729.0,3.1171942e+08
19551837.0,1.6657938e+07
-9999.0,446889.66
4559531.0,4.8866335e+06
-9999.0,57955.594
49207993.0,5.0490836e+07
1351042180.0,1.6639508e+09
38219413.0,4.969729e+07
26640491.0,3.237567e+07
884426645.0,1.0132625e+09
329819004.0,4.4691146e+08
66675717.0,7.005433e+07
5151101.0,4.2628e+06
-9999.0,57955.594
-9999.0,57955.594
84207839.0,1.0686939e+08
1440454910.0,1.7041137e+09
37989342.0,4.601783e+07
16466331.0,2.4184952e+07
612938866.0,7.930899e+08
352969420.0,3.9770736e+08
10192739.0,5.6134635e+06
19784802.0,3.1678898e+07
-9999.0,688900.25
-9999.0,57955.594
23834783.0,2.5677658e+07
1077753802.0,1.2194715e+09
-9999.0,-55192.664
-9999.0,-184055.02
1195907082.0,1.566476e+09
627421975.0,7.7986003e+08
5452512.0,1.321176e+07
-9999.0,-184055.02
-9999.0,57955.594
-9999.0,57955.594
13778522.0,1.748694e+07
1954235692.0,2.294155e+09
59066548.0,5.9554376e+07
33477610.0,3.8615896e+07
969260681.0,1.1915519e+09
363156696.0,4.2445578e+08
52895969.0,6.161591e+07
-9999.0,446889.66
4388096.0,3.8738655e+06
-9999.0,57955.594
33105209.0,4.4759736e+07
1552838395.0,1.8903062e+09
-9999.0,2.3166568e+06
-9999.0,2.1877945e+06
1585251568.0,1.7794789e+09
-9999.0,-203911.8
18409276.0,1.961678e+07
-9999.0,688900.25
-9999.0,57955.594
-9999.0,57955.594
84046154.0,1.0118184e+08
3483754533.0,4.5261635e+09
103066102.0,1.4010846e+08
-9999.0,1.1502668e+06
1130266189.0,1.504164e+09
306024433.0,4.563584e+08
-9999.0,7.6360095e+06
8754437.0,5.862559e+06
7756638.0,3.8738655e+06
-9999.0,57955.594
14566330.0,1.748694e+07
1635358646.0,1.9374807e+09
-9999.0,-203911.8
28957961.0,2.8145392e+07
1325839960.0,1.666549e+09
475126720.0,6.462847e+08
16185962.0,2.3847058e+07
18530314.0,2.507557e+07
4946902.0,4.5048105e+06
-9999.0,57955.594
90365092.0,1.043999e+08
1982027212.0,2.369602e+09
89880647.0,9.78929e+07
47151445.0,4.544758e+07
2699259196.0,2.9712161e+09
1525420272.0,1.9714618e+09
22077884.0,2.7653618e+07
30614092.0,5.583419e+07
40429894.0,5.7075804e+07
75792432.0,1.0503777e+08
48330480.0,5.5812588e+07
4578956344.0,5.2230564e+09
10597769.0,-2.9287428e+07
12874733.0,-7.066857e+06
754912873.0,9.236617e+08
192960503.0,2.4379085e+08
19545882.0,1.740501e+07
2555684.0,1.9310635e+06
1208855.0,1.5421296e+06
27784761.0,3.7604256e+07
16906756.0,1.6510927e+07
1039347821.0,1.2472995e+09
1765152228.0,1.8324668e+09
1473042478.0,1.3800096e+09
79711541519.0,8.838585e+10
40852541603.0,1.3521909e+11
1475141250.0,1.721598e+09
439817869.0,5.851082e+08
496464038.0,6.5128205e+08
585014496.0,6.0409555e+08
3994519205.0,4.6492554e+09
130793000000.0,1.3446281e+11
-9999.0,-5.276115e+07
23506822.0,-4.560975e+07
431404525.0,7.413219e+08
146593395.0,1.7263798e+08
7174313.0,4.2628e+06
1808222.0,1.5421296e+06
2874878.0,9.843637e+06
-9999.0,57955.594
22114816.0,2.5677658e+07
640073695.0,9.077005e+08
35907598.0,4.213017e+07
12217959.0,1.2118646e+07
494675579.0,6.103146e+08
292373329.0,3.9751325e+08
-9999.0,446889.66
2890433.0,1.300119e+06
41829261.0,5.525315e+07
-9999.0,688900.25
65916891.0,6.519577e+07
947517773.0,1.1664598e+09
473953054.0,5.4805875e+08
86884846.0,1.06973576e+08
14046663280.0,1.6611146e+10
5872096533.0,7.354313e+09
81335351.0,6.554672e+07
49558410.0,6.511841e+07
96641545.0,1.1366298e+08
219823862.0,2.3068931e+08
769774418.0,9.0891616e+08
21696731303.0,2.2885665e+10
78250524.0,6.635752e+07
32054562.0,-7.3523336e+07
1240020589.0,1.498119e+09
159181586.0,2.1235675e+08
87726845.0,1.0491701e+08
-9999.0,446889.66
2080304.0,1.5421296e+06
-9999.0,57955.594
75185484.0,1.0118184e+08
1689526500.0,1.897495e+09
-9999.0,2.3166568e+06
17183698.0,1.599352e+07
562877810.0,7.7543584e+08
96207686.0,1.1422887e+08
2003464.0,1.9310635e+06
-9999.0,57955.594
-9999.0,57955.594
0.0,57955.594
62079614.0,6.0728244e+07
755625576.0,9.544254e+08
-9999.0,-55192.664
588010198.0,5.818474e+08
10184518534.0,1.1573313e+10
6323277286.0,8.0507203e+09
358459626.0,3.7935472e+08
74739310.0,9.916909e+07
-9999.0,446889.66
-9999.0,57955.594
580933078.0,6.285443e+08
18405807032.0,2.0130914e+10
-9999.0,-4.7054624e+07
5285255.0,-3.1887142e+07
353475820.0,4.3960842e+08
208721932.0,2.529926e+08
6562471.0,4.2628e+06
-9999.0,57955.594
-9999.0,57955.594
0.0,57955.594
19965467.0,1.6269002e+07
598229406.0,8.26111e+08
86183829.0,1.0229485e+08
-9999.0,446889.66
2441764870.0,2.7891244e+09
4670199565.0,5.2919977e+09
-9999.0,-7.7128605e+06
-9999.0,-4.9281105e+06
94689113.0,1.04932936e+08
-9999.0,688900.25
340686789.0,4.1695424e+08
7654062194.0,8.801355e+09
-9999.0,-1.4388314e+07
-9999.0,-2.1410225e+06
2144254261.0,2.6720225e+09
1486661256.0,1.8345705e+09
-9999.0,5.1840855e+06
-9999.0,7.005065e+06
31682866.0,5.2380456e+07
-9999.0,688900.25
179005492.0,2.2506066e+08
4104987593.0,5.0376356e+09
0.0,1.1590281e+07
-9999.0,-555594.25
147398175.0,1.6089038e+08
29138852.0,4.3252268e+07
-9999.0,446889.66
-9999.0,57955.594
0.0,57955.594
-9999.0,57955.594
1079533.0,1.5421296e+06
190683262.0,2.716789e+08
-9999.0,688900.25
-9999.0,-184055.02
1312220025.0,1.6977748e+09
647219028.0,8.838406e+08
-9999.0,7.6360095e+06
-9999.0,-184055.02
19552906.0,2.6424728e+07
-9999.0,688900.25
36652680.0,4.4759736e+07
2052028367.0,2.450023e+09
-9999.0,-203911.8
34365722.0,3.705065e+07
847619562.0,1.0262342e+09
479012218.0,6.0876474e+08
53817876.0,6.112561e+07
32329507.0,4.2263184e+07
7964207.0,5.517578e+06
-9999.0,57955.594
51551149.0,5.7205868e+07
1550378420.0,1.8934932e+09
35808968.0,5.627671e+07
84624580.0,1.1527509e+08
1846560507.0,2.2969871e+09
742873947.0,9.4314765e+08
139525107.0,1.6985198e+08
-9999.0,446889.66
7321179.0,5.0918015e+06
-9999.0,57955.594
120228465.0,1.181953e+08
3005414568.0,3.5328366e+09
8939302.0,5.021968e+06
57053264.0,1.0969623e+08
5166030529.0,5.750731e+09
2214240808.0,3.0446684e+09
159034224.0,1.4704435e+08
14316533.0,1.60974e+07
33488102.0,4.9855308e+07
-9999.0,688900.25
294696785.0,3.256966e+08
7947799551.0,8.752489e+09
12197376.0,2.1494752e+07
46200912.0,5.3223212e+07
3012739372.0,3.5176666e+09
774099278.0,1.0328085e+09
68226444.0,6.3960576e+07
3528534.0,4.2628e+06
917854.0,1.5421296e+06
-9999.0,57955.594
45072157.0,5.198044e+07
3962981932.0,5.09814e+09
-9999.0,1.1590281e+07
-9999.0,-555594.25
137963755.0,1.6837802e+08
74445102.0,1.0091707e+08
-9999.0,446889.66
-9999.0,57955.594
-9999.0,57955.594
0.0,57955.594
4496059.0,3.8738655e+06
221763048.0,2.882208e+08
-9999.0,688900.25
6814734.0,6.2004545e+06
340740427.0,4.4331837e+08
59258718.0,6.785822e+07
-9999.0,446889.66
3043808.0,1.5421296e+06
-9999.0,57955.594
-9999.0,57955.594
11622436.0,1.1596984e+07
429531635.0,5.45405e+08
0.0,688900.25
0.0,-184055.02
446232826.0,5.847415e+08
175724405.0,2.4004048e+08
0.0,446889.66
0.0,57955.594
-9999.0,57955.594
0.0,57955.594
53824253.0,6.0747932e+07
675781485.0,9.070543e+08
-9999.0,688900.25
73677740.0,5.9949356e+07
2518235850.0,3.1612867e+09
722824477.0,9.0330835e+08
82395970.0,9.7327896e+07
27307655.0,2.5595724e+07
5814352.0,5.517578e+06
-9999.0,57955.594
97484138.0,1.0484429e+08
3551156168.0,4.220448e+09
98803696.0,-3.91607e+07
71421325.0,4.0166764e+07
19746737850.0,1.9948059e+10
9535958607.0,1.2248262e+10
132981504.0,8.536485e+07
7214816.0,5.540158e+06
4570200.0,3.3186388e+06
-9999.0,57955.594
646014715.0,7.8786925e+08
30243702716.0,2.7530772e+10
-9999.0,9.866519e+06
30542622.0,-1.8744334e+06
987341434.0,1.2249098e+09
236436728.0,3.0635408e+08
20885450.0,2.5988126e+07
16854898.0,1.5645169e+07
4352655.0,4.8866335e+06
-9999.0,57955.594
49818164.0,5.0490836e+07
1362563521.0,1.6796031e+09
38321944.0,4.969729e+07
26532071.0,3.237567e+07
900760007.0,1.1067478e+09
315504402.0,4.2371437e+08
66128239.0,7.005433e+07
5455804.0,4.2628e+06
-9999.0,57955.594
-9999.0,57955.594
83235303.0,1.0892596e+08
1441471694.0,1.7279976e+09
-9999.0,7.1339275e+06
16606943.0,2.4771944e+07
647372244.0,8.746794e+08
382255853.0,4.9417264e+08
10760721.0,1.1628344e+07
18786131.0,3.1678898e+07
2774726.0,2.173074e+06
-9999.0,57955.594
27135768.0,2.5288638e+07
1144734907.0,1.3673969e+09
-9999.0,-55192.664
-9999.0,-184055.02
1216479650.0,1.566476e+09
620519138.0,7.352293e+08
6112829.0,1.321176e+07
-9999.0,-184055.02
-9999.0,57955.594
-9999.0,57955.594
18921908.0,1.748694e+07
1977647238.0,2.431724e+09
59502099.0,5.9554376e+07
34067455.0,3.8615896e+07
966079563.0,1.2192485e+09
395204013.0,5.2126307e+08
48703203.0,6.0506612e+07
-9999.0,446889.66
4528222.0,3.8738655e+06
-9999.0,57955.594
35756324.0,4.4759736e+07
1576043681.0,1.9278881e+09
50215979.0,6.809558e+07
-9999.0,2.818739e+06
1584970612.0,1.8397408e+09
-9999.0,-203911.8
20877632.0,2.7807498e+07
-9999.0,688900.25
-9999.0,57955.594
-9999.0,57955.594
118038517.0,1.1099717e+08
3637037833.0,4.833189e+09
106776920.0,1.4509123e+08
-9999.0,3.14706e+06
1079553269.0,1.3294335e+09
281342259.0,3.761111e+08
-9999.0,3.892804e+06
9738046.0,1.2367742e+07
6091127.0,3.8738655e+06
-9999.0,57955.594
17249848.0,1.7097918e+07
1567831309.0,1.9342973e+09
-9999.0,-203911.8
29350103.0,2.418424e+07
1347935064.0,1.666549e+09
434921983.0,6.2405274e+08
16805400.0,2.3847058e+07
-9999.0,-184055.02
5858475.0,5.0918015e+06
-9999.0,57955.594
90765452.0,1.043999e+08
1969248369.0,2.4271823e+09
123140468.0,1.4371198e+08
47908385.0,4.544758e+07
2781381545.0,3.0976527e+09
1537179726.0,2.0002262e+09
22884985.0,2.851398e+07
29276856.0,5.101692e+07
31829064.0,4.9855096e+07
69253336.0,8.054915e+07
59242939.0,6.6723908e+07
4702097309.0,5.2951747e+09
11872714.0,-3.3659956e+07
13425479.0,-1.1439376e+07
777533970.0,9.767724e+08
210073472.0,2.6303053e+08
19962595.0,2.5595724e+07
2589126.0,1.9310635e+06
1250260.0,1.5421296e+06
38098422.0,6.355998e+07
15970548.0,1.8567498e+07
1090776592.0,1.256108e+09
1777343254.0,2.0592804e+09
1436474232.0,1.4008846e+09
62841738954.0,7.162351e+10
37528205772.0,4.782468e+10
1198949691.0,1.5165207e+09
419984305.0,5.851082e+08
512840181.0,6.921575e+08
625402551.0,6.0169344e+08
3736235489.0,4.6503895e+09
110077000000.0,1.0745914e+11
-9999.0,1.6382962e+07
25802313.0,-9.356147e+06
438343727.0,7.366009e+08
152333880.0,1.7748205e+08
6847944.0,4.2628e+06
1859157.0,1.5421296e+06
2900433.0,1.0132004e+07
-9999.0,57955.594
26940118.0,2.5677658e+07
662646964.0,9.254204e+08
36504085.0,4.213017e+07
12818162.0,1.2118646e+07
500172706.0,6.9561664e+08
271513657.0,3.3646358e+08
-9999.0,446889.66
4546404.0,3.631855e+06
49076706.0,6.638627e+07
-9999.0,688900.25
69272849.0,1.009863e+08
945885129.0,1.1664598e+09
478806310.0,5.6134304e+08
98147827.0,1.06973576e+08
14423516766.0,1.7937641e+10
5774447477.0,7.344655e+09
86168759.0,3.767755e+07
47375557.0,6.062373e+07
94552300.0,1.2010654e+08
225130436.0,2.3055432e+08
992792135.0,1.0138659e+09
22220937572.0,2.3260705e+10
78898755.0,6.635752e+07
48316043.0,-4.6603548e+07
1281944213.0,1.6543031e+09
193762016.0,2.7570883e+08
84316564.0,1.0491701e+08
-9999.0,688900.25
-9999.0,57955.594
19414807.0,1.676254e+07
78594821.0,1.0514179e+08
1788009958.0,2.1628992e+09
-9999.0,2.3166568e+06
18316421.0,1.599352e+07
572680471.0,7.84671e+08
96375568.0,1.2142864e+08
-9999.0,446889.66
13126405.0,1.8234014e+07
1020002.0,1.5421296e+06
0.0,57955.594
137964970.0,1.6563686e+08
842929788.0,1.0059078e+09
-9999.0,-55192.664
624543495.0,6.6714944e+08
10539299707.0,1.2161011e+10
6751136898.0,8.026121e+09
-9999.0,-4.4051936e+07
89634589.0,7.791174e+07
72932012.0,1.1667712e+08
-9999.0,688900.25
669030993.0,8.02763e+08
19337659854.0,2.103162e+10
-9999.0,-4.7054624e+07
5804927.0,-4.21616e+07
345714460.0,5.26539e+08
217997962.0,2.694475e+08
-9999.0,446889.66
2965889.0,2.5534955e+06
-9999.0,57955.594
0.0,57955.594
24269554.0,2.4459722e+07
604756757.0,8.26111e+08
89167238.0,9.375365e+07
-9999.0,446889.66
2579872553.0,2.9027208e+09
4672514167.0,5.2812836e+09
7580241.0,1.1929978e+06
-9999.0,-4.9281105e+06
98729980.0,1.0352783e+08
7424641.0,4.5048105e+06
374781320.0,4.1513952e+08
7838786573.0,8.820622e+09
-9999.0,-1.4388314e+07
-9999.0,-3.9055282e+06
2070800463.0,2.6802545e+09
1576952592.0,1.8905976e+09
15831949.0,2.3294162e+07
-9999.0,2.1877945e+06
38256086.0,5.812969e+07
-9999.0,688900.25
177687233.0,2.2001984e+08
4171611790.0,5.028459e+09
0.0,1.1590281e+07
-9999.0,-555594.25
151668919.0,1.6089038e+08
20222419.0,2.5837736e+07
-9999.0,446889.66
-9999.0,57955.594
0.0,57955.594
-9999.0,57955.594
1327555.0,1.5421296e+06
185553456.0,3.2913824e+08
-9999.0,688900.25
-9999.0,-184055.02
1272970585.0,1.6131844e+09
638746354.0,8.8441683e+08
-9999.0,7.6360095e+06
2447168.0,1.300119e+06
20367376.0,3.522398e+07
-9999.0,688900.25
37935974.0,4.4759736e+07
2005260187.0,2.623532e+09
-9999.0,-203911.8
40919811.0,3.9154224e+07
862503329.0,1.0967899e+09
481709841.0,6.0876474e+08
53427209.0,6.486881e+07
32549775.0,4.1874164e+07
8518755.0,5.517578e+06
-9999.0,57955.594
51671672.0,6.162395e+07
1575965658.0,1.8859072e+09
29789902.0,3.8957096e+07
83490636.0,1.0652441e+08
1843625268.0,2.26632e+09
829918556.0,1.0707603e+09
145957402.0,1.456181e+08
15798310.0,1.740501e+07
-9999.0,57955.594
-9999.0,57955.594
123795593.0,1.567985e+08
3090243829.0,3.8952276e+09
9194014.0,5.159658e+06
32208279.0,7.574683e+07
624157342.0,7.992818e+08
337229559.0,3.302404e+08
70992072.0,9.780455e+07
5771993.0,4.2628e+06
4481533.0,1.392662e+06
-9999.0,57955.594
42648135.0,5.0295308e+07
1126682930.0,1.6679255e+09
11276381.0,-3.894961e+07
0.0,1.0648595e+06
45314677.0,1.484054e+08
87035028.0,1.2072736e+08
1609395.0,1.314829e+06
0.0,-184055.02
0.0,57955.594
-9999.0,57955.594
3416619.0,6.522808e+06
148652102.0,2.1426306e+08
-9999.0,-1.831668e+06
-9999.0,-184055.02
136610566.0,1.6837802e+08
70511687.0,1.0091707e+08
-9999.0,446889.66
-9999.0,57955.594
-9999.0,57955.594
0.0,57955.594
5212040.0,3.8738655e+06
216832029.0,2.882208e+08
-9999.0,688900.25
6611089.0,6.2004545e+06
350475683.0,5.3024893e+08
63974863.0,1.0384429e+08
3918146.0,4.2628e+06
3235108.0,3.8738655e+06
805499.0,1.5421296e+06
-9999.0,57955.594
11433398.0,1.1596984e+07
447289691.0,6.4574035e+08
0.0,688900.25
0.0,-184055.02
223230928.0,2.7009376e+08
168975762.0,2.167684e+08
0.0,446889.66
0.0,57955.594
-9999.0,57955.594
0.0,57955.594
34805347.0,4.3634092e+07
427012038.0,6.1349856e+08
-9999.0,688900.25
78743734.0,9.625008e+07
2687451639.0,3.4520596e+09
802845861.0,9.7819616e+08
80681348.0,9.658381e+07
30384866.0,4.3010256e+07
-9999.0,688900.25
6425192.0,6.3439205e+06
103467796.0,1.0692754e+08
3808800144.0,5.2803323e+09
96836505.0,-3.506628e+07
8060398.0,-1.3363768e+07
9557561976.0,1.1071972e+10
8703395978.0,9.967373e+09
2114881.0,-5.1024508e+07
0.0,754159.25
41561927.0,4.432136e+07
-9999.0,688900.25
251884027.0,3.1332298e+08
18661415694.0,2.0233683e+10
16512025.0,-1.4566234e+07
-9999.0,-3.427046e+07
1080680360.0,1.5209724e+09
203393706.0,2.8226976e+08
20395173.0,2.5988126e+07
14429561.0,1.5645169e+07
3912189.0,4.8866335e+06
-9999.0,57955.594
62073137.0,6.162395e+07
1434273282.0,1.805342e+09
34021073.0,4.601783e+07
26398566.0,3.237567e+07
909120007.0,1.1369636e+09
342169015.0,4.2371437e+08
66117769.0,7.005433e+07
-9999.0,446889.66
2624953.0,1.5421296e+06
-9999.0,57955.594
81261216.0,1.0443128e+08
1470257676.0,1.8318056e+09
38755686.0,4.773551e+07
17492415.0,2.4184952e+07
676415955.0,9.322693e+08
292731281.0,4.0600125e+08
10422479.0,1.1628344e+07
14408253.0,2.3488182e+07
-9999.0,57955.594
-9999.0,57955.594
27867254.0,2.5288638e+07
1081528250.0,1.3680943e+09
-9999.0,-55192.664
-9999.0,-184055.02
1285081873.0,1.6929018e+09
656765579.0,8.822635e+08
5800761.0,1.321176e+07
-9999.0,-184055.02
-9999.0,57955.594
-9999.0,57955.594
18413903.0,1.748694e+07
2075307213.0,3.2514532e+09
59323120.0,6.312619e+07
38475682.0,3.8615896e+07
979339073.0,1.2192485e+09
374061687.0,5.1273078e+08
53732354.0,6.535911e+07
1779314.0,1.9310635e+06
-9999.0,57955.594
-9999.0,57955.594
40912134.0,5.1949068e+07
1575164726.0,1.8714057e+09
47240173.0,6.324307e+07
49390790.0,5.1985876e+07
1605463163.0,1.8893709e+09
-9999.0,-203911.8
20281963.0,2.7807498e+07
-9999.0,688900.25
10264767.0,1.2609752e+07
-9999.0,57955.594
-9999.0,57955.594
3485922900.0,4.1206848e+09
105962559.0,1.2033021e+08
-9999.0,1.1502668e+06
1078499105.0,1.4758363e+09
283828864.0,4.3038317e+08
-9999.0,3.892804e+06
11202772.0,1.2367742e+07
6039274.0,3.8738655e+06
-9999.0,57955.594
23063587.0,2.5288638e+07
1582439831.0,1.8875208e+09
-9999.0,-203911.8
32765541.0,3.705065e+07
1394684385.0,1.7829423e+09
455841164.0,6.2405274e+08
14953478.0,2.3847058e+07
22539830.0,3.3266284e+07
4990441.0,4.5048105e+06
-9999.0,57955.594
90807508.0,1.043999e+08
2037666337.0,3.140305e+09
120395909.0,1.4371198e+08
50186256.0,4.544758e+07
2728149289.0,3.0553994e+09
1398628176.0,1.9729733e+09
23457512.0,1.4264158e+07
24355283.0,4.033928e+07
25005244.0,3.2440558e+07
79902593.0,1.1291984e+08
58110679.0,6.6723908e+07
4508190947.0,5.054486e+09
13930095.0,-2.4410244e+07
14269423.0,-7.066857e+06
819620681.0,9.9516614e+08
226188343.0,3.1179782e+08
20313059.0,2.5595724e+07
2571251.0,1.9310635e+06
1177118.0,1.5421296e+06
32169885.0,5.5018784e+07
16263294.0,1.8567498e+07
1146503153.0,1.4262655e+09
1228970867.0,1.3886277e+09
1630284949.0,1.4896666e+09
47454570909.0,7.115815e+10
22797499407.0,2.893736e+10
1305889298.0,1.5304417e+09
411766980.0,4.600578e+08
302310190.0,4.1722957e+08
596171367.0,6.01148e+08
3818904499.0,4.570672e+09
79546368470.0,8.468172e+10
-9999.0,2.285788e+06
27660156.0,-1.9205698e+07
381146334.0,7.855998e+08
115157888.0,1.2142864e+08
5618067.0,4.2628e+06
2066618.0,1.5421296e+06
2764547.0,9.843637e+06
-9999.0,57955.594
28119760.0,2.5677658e+07
567457065.0,8.084569e+08
20894985.0,2.1909492e+07
10589448.0,5.6134635e+06
337526780.0,5.154369e+08
160884527.0,1.59041e+08
-9999.0,446889.66
5030005.0,3.8738655e+06
17865665.0,2.9616446e+07
-9999.0,688900.25
29194575.0,4.1834624e+07
583273981.0,7.841464e+08
343626841.0,3.6681066e+08
102643046.0,1.11354344e+08
9333953458.0,1.095933e+10
2982935766.0,2.9921244e+09
60084311.0,5.828829e+06
42049541.0,5.2400756e+07
60800460.0,7.268584e+07
234369716.0,2.4420146e+08
1081382705.0,1.02848294e+09
14241845848.0,1.7457324e+10
42070746.0,6.755727e+07
-9999.0,-2.9215184e+07
957514267.0,1.2298684e+09
112850574.0,1.226633e+08
70599002.0,9.772789e+07
-9999.0,688900.25
1474405.0,1.5421296e+06
17887624.0,2.7942056e+07
63810519.0,5.594297e+07
1317211690.0,1.7524803e+09
-9999.0,3.3907212e+06
20030713.0,1.7582826e+07
447161519.0,7.089051e+08
61615735.0,6.606701e+07
2527290.0,1.9310635e+06
12099095.0,1.7993354e+07
797079.0,1.5421296e+06
0.0,57955.594
-9999.0,57955.594
762178486.0,9.9030854e+08
-9999.0,-55192.664
642730081.0,7.341038e+08
8146422243.0,1.1099667e+10
4379823358.0,5.6178166e+09
328456937.0,3.4979597e+08
82886729.0,1.01444344e+08
-9999.0,446889.66
-9999.0,57955.594
633239304.0,7.1384634e+08
14415705216.0,1.740952e+10
-9999.0,528740.44
5892273.0,-3.1047972e+07
283861707.0,4.1271936e+08
147775296.0,1.5783104e+08
-9999.0,446889.66
2598986.0,1.5421296e+06
-9999.0,57955.594
0.0,57955.594
21050775.0,2.4459722e+07
468907567.0,6.347056e+08
66706181.0,9.375365e+07
7589728.0,5.6134635e+06
1352809151.0,1.8130988e+09
2771209724.0,3.1101768e+09
5327477.0,-2.0225666e+06
-9999.0,3.3004405e+06
43608022.0,5.5531468e+07
-9999.0,688900.25
203709904.0,2.3411642e+08
4460137270.0,5.0811e+09
93907163.0,1.22176e+08
-9999.0,75350.375
1317761464.0,1.6244818e+09
818709338.0,9.445423e+08
8115619.0,1.1568188e+07
-9999.0,-184055.02
17201056.0,1.676254e+07
-9999.0,57955.594
101680071.0,1.0501743e+08
2492029747.0,3.104429e+09
0.0,-5.3819125e+06
-9999.0,2.1877945e+06
129125109.0,1.6089038e+08
19516058.0,2.4077896e+07
6829184.0,6.0226395e+06
-9999.0,57955.594
0.0,57955.594
-9999.0,57955.594
1336186.0,1.5421296e+06
162588483.0,2.952894e+08
-9999.0,688900.25
-9999.0,-184055.02
884019847.0,1.1352166e+09
383347620.0,5.0869408e+08
-9999.0,446889.66
2643668.0,1.300119e+06
9867113.0,1.6233516e+07
-9999.0,57955.594
26456150.0,2.7345206e+07
1341753199.0,1.7648753e+09
-9999.0,3.3907212e+06
40608632.0,4.4238104e+07
628763801.0,9.235634e+08
271281138.0,3.462777e+08
55459115.0,6.1741816e+07
28437676.0,2.4459634e+07
5525614.0,5.517578e+06
-9999.0,57955.594
40326089.0,5.0490836e+07
1099829740.0,1.3651922e+09
19648174.0,2.313187e+07
81086186.0,1.0493374e+08
1441261858.0,1.8086661e+09
517115936.0,6.2941805e+08
120611941.0,1.6771528e+08
-9999.0,446889.66
3814793.0,3.8738655e+06
-9999.0,57955.594
78867596.0,1.0118184e+08
2288101586.0,3.5622528e+09
7336326.0,5.3238055e+06
58754799.0,5.572346e+07
1654304880.0,2.1252008e+09
551838305.0,6.5649574e+08
143578000.0,1.6820557e+08
13328175.0,1.740501e+07
11267793.0,1.0440201e+07
-9999.0,57955.594
150584867.0,1.5292182e+08
2590993148.0,3.169622e+09
9048475.0,-2.8997828e+06
56886566.0,6.852063e+07
912223089.0,1.1721272e+09
269000144.0,3.6555014e+08
67451820.0,9.9473144e+07
2912809.0,1.9310635e+06
545233.0,57955.594
-9999.0,57955.594
19016384.0,1.7664888e+07
1337084524.0,1.7401972e+09
-9999.0,870153.44
0.0,-184055.02
95015576.0,1.1088721e+08
52515377.0,6.2229836e+07
-9999.0,688900.25
-9999.0,57955.594
-9999.0,57955.594
0.0,57955.594
4523155.0,3.8738655e+06
155120808.0,2.4958554e+08
-9999.0,688900.25
6788082.0,6.2004545e+06
310222187.0,4.0397302e+08
48583584.0,5.767406e+07
2767297.0,1.9310635e+06
2942545.0,9.843637e+06
-9999.0,57955.594
-9999.0,57955.594
10586214.0,1.1596984e+07
392503063.0,6.1436794e+08
0.0,688900.25
0.0,-184055.02
181691095.0,2.3722078e+08
93428519.0,1.05350824e+08
0.0,446889.66
0.0,57955.594
-9999.0,57955.594
0.0,57955.594
24439919.0,2.321974e+07
299559535.0,4.29321e+08
-9999.0,688900.25
80722148.0,9.162858e+07
1905431768.0,2.6344622e+09
533266124.0,6.80981e+08
70535049.0,9.621525e+07
-9999.0,446889.66
4502119.0,4.8866335e+06
7743580.0,1.3645388e+07
83840860.0,1.1114876e+08
2724736179.0,3.9945902e+09
127937509.0,1.3141224e+08
77698757.0,1.0532038e+08
7563642445.0,9.503562e+09
4617307975.0,5.7096786e+09
110267285.0,1.3992448e+08
5471748.0,403648.2
14858175.0,2.1196236e+07
-9999.0,57955.594
534326550.0,5.7454234e+08
13051510447.0,1.4083133e+10
10846682.0,-3.9893375e+06
-9999.0,7.429743e+06
880914628.0,1.1436841e+09
170959519.0,1.6314096e+08
19395244.0,2.733879e+07
13193166.0,1.5887179e+07
3818960.0,3.9350182e+06
-9999.0,57955.594
59256139.0,6.162395e+07
1192358179.0,1.618365e+09
27429959.0,4.2508176e+07
24974438.0,2.5186548e+07
665831521.0,9.660765e+08
197791287.0,2.4539152e+08
55465154.0,6.555964e+07
-9999.0,688900.25
1166750.0,1.5421296e+06
-9999.0,57955.594
58933596.0,6.6685372e+07
1038250059.0,1.4390491e+09
20202263.0,2.313187e+07
16973276.0,1.6995834e+07
470916379.0,6.9966995e+08
213982571.0,2.3996189e+08
8926472.0,5.6134635e+06
-9999.0,-184055.02
2276743.0,1.5421296e+06
-9999.0,57955.594
25825838.0,2.5288638e+07
772909923.0,9.5777875e+08
-9999.0,-55192.664
-9999.0,-184055.02
730482793.0,9.648773e+08
345814043.0,3.9547178e+08
4772176.0,4.2628e+06
-9999.0,-184055.02
-9999.0,57955.594
-9999.0,57955.594
12658100.0,1.7097918e+07
1173503981.0,1.4209885e+09
34234293.0,4.2508176e+07
34907781.0,4.882137e+07
744299272.0,9.9595565e+08
293904576.0,3.46102e+08
54791068.0,5.817e+07
-9999.0,1.7002665e+06
3843170.0,3.8738655e+06
-9999.0,57955.594
29968103.0,4.4759736e+07
1229421120.0,1.5339621e+09
29050648.0,4.2508176e+07
47595969.0,5.357518e+07
1253368251.0,1.6495036e+09
-9999.0,-55192.664
16058345.0,1.7244928e+07
-9999.0,57955.594
9299872.0,1.2609752e+07
-9999.0,57955.594
-9999.0,57955.594
2656414094.0,3.27321e+09
57530509.0,6.0303784e+07
-9999.0,3.931385e+06
899500452.0,1.1666026e+09
202615381.0,2.392178e+08
-9999.0,446889.66
10277897.0,1.2367742e+07
5365038.0,3.8738655e+06
-9999.0,57955.594
19694719.0,1.7097918e+07
1268301271.0,1.5883503e+09
8017163.0,4.3984585e+06
36175599.0,4.1862804e+07
1108075601.0,1.5235945e+09
329248256.0,4.410981e+08
12883916.0,2.498653e+07
-9999.0,-184055.02
3129689.0,3.8738655e+06
-9999.0,57955.594
78656868.0,1.033761e+08
1599653900.0,2.1123468e+09
78300054.0,9.049617e+07
45012370.0,4.544758e+07
1844587115.0,2.4831575e+09
876720919.0,1.0723626e+09
21332798.0,1.750032e+07
26252779.0,3.315016e+07
14638189.0,1.5948332e+07
74172445.0,1.0710607e+08
42242498.0,5.20968e+07
3023259172.0,3.4734408e+09
11827699.0,7.8957245e+06
17377751.0,2.6758494e+07
592736306.0,8.8129683e+08
143114934.0,1.6507632e+08
17356062.0,1.5645169e+07
2555202.0,1.5421296e+06
1167919.0,1.5421296e+06
38338874.0,5.354731e+07
15294425.0,1.8567498e+07
839769176.0,1.0738694e+09
1650846022.0,1.7508668e+09
1855698333.0,1.9848571e+09
64401110529.0,7.9229166e+10
30310204298.0,3.0653587e+10
1478407485.0,2.481581e+09
512717795.0,6.020507e+08
363739974.8,6.3717856e+08
716330624.3,6.703669e+08
3672245657.0,4.6886006e+09
104961000000.0,1.074966e+11
-9999.0,1.6382962e+07
33687007.57,6.2156384e+07
481763036.9,8.695928e+08
234674519.2,2.8852835e+08
6005386.239,4.2628e+06
3192125.807,2.5534955e+06
2846490.737,4.1622325e+06
-9999.0,57955.594
33564711.33,4.4852028e+07
804937175.9,9.971545e+08
38296939.33,4.7977344e+07
11370911.33,1.2118646e+07
482764391.1,7.1720205e+08
260728468.1,3.341535e+08
-9999.0,446889.66
8275874.017,4.8497915e+06
28805926.08,4.7030976e+07
-9999.0,688900.25
43455786.52,6.0188444e+07
874818982.4,1.1373341e+09
464490673.5,5.579145e+08
102182462.1,1.189337e+08
11876342481.0,1.3904771e+10
4223083815.0,5.637246e+09
60605925.15,4.181488e+07
62313825.99,6.239813e+07
64833130.03,1.08960264e+08
285888759.1,2.7313795e+08
724255982.5,8.58097e+08
17863997054.0,2.0811284e+10
95157305.54,1.2231261e+08
52142238.6,2.3288108e+07
1278001988.0,1.7829404e+09
122320880.7,1.7113024e+08
76159589.32,1.0491701e+08
-9999.0,688900.25
1311494.878,1.5421296e+06
-9999.0,57955.594
81619114.02,9.623553e+07
1726286154.0,2.1447432e+09
-9999.0,2.3166568e+06
20954855.98,2.9534114e+07
622784410.3,9.192725e+08
97898861.16,1.2139726e+08
3177479.086,4.2628e+06
15247100.16,2.2343356e+07
-9999.0,57955.594
-9999.0,57955.594
234186333.7,2.3479843e+08
997138685.4,1.1400077e+09
-9999.0,956173.44
820754455.6,8.6914054e+08
11266363193.0,1.2811842e+10
6078639914.0,7.152233e+09
370568672.2,4.343366e+08
93775747.78,8.109968e+07
-9999.0,446889.66
-9999.0,57955.594
739728865.8,8.752172e+08
19602178899.0,2.3486032e+10
-9999.0,9.866519e+06
6031763.206,-4.060263e+07
364460910.9,5.3233542e+08
247300989.1,2.9037914e+08
-9999.0,446889.66
4217643.096,4.885232e+06
-9999.0,57955.594
0.0,57955.594
-9999.0,57955.594
652992365.2,9.206116e+08
86431776.98,9.375365e+07
7033851.387,5.6134635e+06
2166860930.0,2.7788216e+09
3700482007.0,4.5441157e+09
-9999.0,-6.0523875e+06
-9999.0,2.5161155e+06
67447248.66,1.0023022e+08
6355420.175,4.7931775e+06
294070077.3,3.767662e+08
6336861973.0,6.511883e+09
104031036.6,7.253707e+07
-9999.0,-6.37427e+06
1710361423.0,2.174005e+09
1262235461.0,1.569142e+09
10232614.69,2.7704775e+06
-9999.0,-184055.02
16904553.08,2.4953256e+07
-9999.0,57955.594
112807645.7,1.503216e+08
3391076545.0,4.2193902e+09
0.0,-7.902479e+06
-9999.0,519322.16
150327580.2,2.253877e+08
28838811.7,4.3252268e+07
6846210.475,6.0226395e+06
-9999.0,57955.594
0.0,57955.594
-9999.0,57955.594
1586732.411,1.5421296e+06
193860067.6,2.940744e+08
-9999.0,688900.25
23182758.11,2.577354e+07
1142498664.0,1.5217542e+09
454103472.8,5.9481926e+08
-9999.0,7.6360095e+06
3387157.88,3.631855e+06
11167074.38,2.2914224e+07
-9999.0,57955.594
-9999.0,57955.594
1686550473.0,2.089292e+09
54288165.08,7.3399576e+07
43293026.0,5.7467084e+07
856518963.1,1.1270057e+09
415836849.5,4.8452896e+08
61916525.15,9.772789e+07
-9999.0,446889.66
8123914.771,1.136977e+07
-9999.0,57955.594
49306075.29,6.162395e+07
1529636200.0,1.8190222e+09
-9999.0,7.1339275e+06
81425592.97,1.05205144e+08
1770413175.0,2.232851e+09
562298174.7,6.739213e+08
165607369.4,2.3109971e+08
9081551.291,6.0226395e+06
4876023.071,3.8738655e+06
-9999.0,57955.594
114502386.2,1.5503867e+08
2719594275.0,3.91253e+09
8642505.098,5.159658e+06
66479934.13,9.33789e+07
2253921170.0,2.9610616e+09
722577643.6,9.5545286e+08
187730679.5,2.3537494e+08
16865511.76,1.740501e+07
12066153.39,1.5317387e+07
-9999.0,57955.594
147024526.8,1.5786816e+08
3415308124.0,4.33675e+09
12140041.12,1.1002129e+07
60116977.07,1.0696707e+08
1143506029.0,1.5420476e+09
284936212.1,3.9205693e+08
81947040.88,1.1822881e+08
3999981.369,5.2755675e+06
707258.8905,1.5421296e+06
-9999.0,57955.594
38749446.41,5.0925256e+07
1626102987.0,2.1145226e+09
-9999.0,-203911.8
0.0,2.1877945e+06
137233762.1,1.6097141e+08
77494657.57,1.0091707e+08
-9999.0,446889.66
-9999.0,57955.594
-9999.0,57955.594
0.0,57955.594
6012237.356,3.8738655e+06
225077576.0,3.028791e+08
-9999.0,688900.25
8153168.932,6.2004545e+06
406679911.8,6.2164e+08
71316083.24,1.0384429e+08
2552980.861,1.9310635e+06
5579060.841,1.2175371e+07
764654.5249,1.5421296e+06
-9999.0,57955.594
14475503.44,1.647417e+07
522277962.3,7.9922176e+08
0.0,688900.25
0.0,-184055.02
245021083.8,3.0935942e+08
104514734.0,1.1456159e+08
0.0,446889.66
0.0,57955.594
-9999.0,57955.594
0.0,57955.594
22499044.43,2.4459722e+07
372034862.2,5.1538112e+08
-9999.0,688900.25
83947393.82,9.034597e+07
2874295050.0,3.4635453e+09
817978235.4,1.041937e+09
78176857.8,9.334764e+07
42211860.61,4.5273664e+07
5312792.04,5.517578e+06
-9999.0,57955.594
105429371.9,1.7456547e+08
4026097237.0,5.1067295e+09
193615341.6,6.3083548e+07
81174817.04,1.023859e+08
10869414039.0,1.2085941e+10
5263625699.0,7.6724086e+09
118321600.7,1.4095574e+08
6227862.435,4.0121092e+06
20156281.42,3.0877738e+07
-9999.0,688900.25
263077014.3,3.4764234e+08
16815612655.0,1.9298339e+10
15241377.89,-5.231883e+06
-9999.0,7.429743e+06
1229416097.0,1.655192e+09
250796664.5,3.382262e+08
19977539.28,3.4527908e+07
19284403.19,2.6849102e+07
3744069.639,4.5659635e+06
-9999.0,57955.594
86681021.65,1.0118184e+08
1664527737.0,2.161586e+09
-9999.0,2.3166568e+06
30516513.65,4.3063228e+07
880320392.1,1.1369636e+09
315404441.0,4.1419382e+08
47910939.29,6.1987824e+07
7459225.252,4.2628e+06
1610738.419,1.5421296e+06
-9999.0,57955.594
62835100.59,1.0267144e+08
1380744594.0,1.7898559e+09
-9999.0,7.1339275e+06
20648061.43,2.9534114e+07
685695112.3,9.7594157e+08
359365175.2,4.076076e+08
10374163.86,1.2118646e+07
19807212.08,3.1678898e+07
2735461.562,4.7931775e+06
-9999.0,57955.594
32161025.13,4.270317e+07
1172194454.0,1.5223136e+09
-9999.0,-55192.664
-9999.0,-184055.02
979814932.8,1.3876506e+09
381061625.0,4.8189075e+08
4642701.223,9.468554e+06
-9999.0,1.0693219e+06
1388571.862,1.5421296e+06
-9999.0,57955.594
15313773.52,1.7097918e+07
1471593201.0,1.8173437e+09
51811219.84,6.437165e+07
36532903.76,4.4628476e+07
976523553.9,1.3394772e+09
416866263.6,4.7468666e+08
47871028.99,6.5748132e+07
-9999.0,1.7002665e+06
5347485.197,3.9350182e+06
-9999.0,57955.594
38447673.61,5.198044e+07
1610726163.0,2.0865368e+09
37789136.13,4.974175e+07
53722509.74,6.311899e+07
1695051800.0,2.239433e+09
-9999.0,-203911.8
17839174.5,2.7807498e+07
-9999.0,688900.25
10365399.55,1.6246956e+07
-9999.0,57955.594
-9999.0,57955.594
3520017911.0,4.5102423e+09
79583774.9,9.3333624e+07
47495668.0,6.3926436e+07
1080285054.0,1.4289522e+09
303837664.6,4.1480877e+08
-9999.0,3.892804e+06
12896464.82,1.7244928e+07
6004191.422,3.8738655e+06
-9999.0,57955.594
27196101.82,2.7345206e+07
1583610623.0,2.0851807e+09
-9999.0,-203911.8
40250473.86,4.9621224e+07
1513428389.0,2.0955482e+09
492694907.5,6.2405274e+08
13745268.24,2.498653e+07
32521020.7,5.6660988e+07
3303070.202,4.5048105e+06
-9999.0,57955.594
87427152.05,1.0987925e+08
2185008831.0,3.6165432e+09
91216331.56,1.0755165e+08
47089747.3,5.6580696e+07
2423222859.0,2.960577e+09
1068541078.0,1.3407722e+09
19260544.49,1.750032e+07
27216781.15,3.315016e+07
11904403.67,1.5948332e+07
72678583.5,7.280032e+07
69367161.83,1.05488056e+08
3830497491.0,5.1743575e+09
13551824.1,2.9479484e+07
16759414.85,3.1601945e+06
837820146.1,1.1181699e+09
199822962.0,2.3221133e+08
17355155.28,2.3835884e+07
3860940.34,3.8738655e+06
1130738.806,1.5421296e+06
52247686.91,7.558983e+07
17390593.45,1.6510927e+07
1159939462.0,1.5208722e+09
2427587620.0,2.5191706e+09
